"serviceIdentifierCode","title","url","protocol", "organisation","electronicMailAddress","metadataStandardVersion","operatesOn","datasetIdentifierCode","servicetype"
"tn-2c7040b-c448-451b-bf15-f2416efaadd1","Vervoersnetwerken - Waterwegen (INSPIRE geharmoniseerd) - WT WFS","[https://haleconnect.com/ows/services/org.292.2885ef73-e044-4da4-b9b6-8a461a5353aa_wfs?service=WFS&version=2.0.0&request=GetCapabilities, https://haleconnect.com/ows/services/org.292.2885ef73-e044-4da4-b9b6-8a461a5353aa_wfs?service=WFS&version=2.0.0&request=GetCapabilities, https://haleconnect.com/ows/services/org.292.2885ef73-e044-4da4-b9b6-8a461a5353aa_wfs?service=WFS&version=2.0.0&request=GetCapabilities, https://haleconnect.com/ows/services/org.292.2885ef73-e044-4da4-b9b6-8a461a5353aa_wfs?service=WFS&version=2.0.0&request=GetCapabilities, https://haleconnect.com/ows/services/org.292.2885ef73-e044-4da4-b9b6-8a461a5353aa_wfs?service=WFS&version=2.0.0&request=GetCapabilities, https://haleconnect.com/ows/services/org.292.2885ef73-e044-4da4-b9b6-8a461a5353aa_wfs?service=WFS&version=2.0.0&request=GetCapabilities, https://haleconnect.com/ows/services/org.292.2885ef73-e044-4da4-b9b6-8a461a5353aa_wfs?service=WFS&version=2.0.0&request=GetCapabilities, https://haleconnect.com/ows/services/org.292.2885ef73-e044-4da4-b9b6-8a461a5353aa_wfs?service=WFS&version=2.0.0&request=GetCapabilities, https://haleconnect.com/ows/services/org.292.2885ef73-e044-4da4-b9b6-8a461a5353aa_wfs?service=WFS&version=2.0.0&request=GetCapabilities, https://haleconnect.com/ows/services/org.292.2885ef73-e044-4da4-b9b6-8a461a5353aa_wfs?service=WFS&version=2.0.0&request=GetCapabilities, https://haleconnect.com/ows/services/org.292.2885ef73-e044-4da4-b9b6-8a461a5353aa_wfs?service=WFS&version=2.0.0&request=GetCapabilities]","null","Rijkswaterstaat","[servicedesk-data@rijkswaterstaat.nl, servicedesk-data@rijkswaterstaat.nl, info@wetransform.to]","Nederlands metadata profiel op ISO 19119 voor services 2.0","http://nationaalgeoregister.nl/geonetwork/srv/en/csw?service=csw&VERSION=2.0.2&REQUEST=GetRecordById&OUTPUTSCHEMA=http://www.isotc211.org/2005/gmd&ELEMENTSETNAME=full&ID=eu-2c7040b-c448-451b-bf15-f2416ecaadd1#MD_DataIdentification","tp://nationaalgeoregister.nl/geonetwork/srv/en/csw?service=csw&VERSION=2.0.2&REQUEST=GetRecordById&OUTPUTSCHEMA=http://www.isotc211.org/2005/gmd&ELEMENTSETNAME=full&ID=eu-2c7040b-c448-451b-bf15-f2416ecaadd1","other"
"cf69ec50-9849-4afd-853c-ee5621fd336d","Waterstanden en afvoeren actueel - Rijkswaterstaat - WFS","[https://waterwebservices.rijkswaterstaat.nl/services/distributielaagWFS/distributielaag_dbo?service=WFS&version=1.1.0&request=GetCapabilities, https://waterwebservices.rijkswaterstaat.nl/services/distributielaagWFS/distributielaag_dbo?service=WFS&version=1.1.0&request=GetCapabilities]","null","Rijkswaterstaat","[servicedesk-data@rijkswaterstaat.nl, servicedesk-data@rijkswaterstaat.nl, servicedesk-data@rijkswaterstaat.nl]","Nederlands metadata profiel op ISO 19119 voor services 2.0","https://nationaalgeoregister.nl/geonetwork/srv/dut/inspire?SERVICE=CSW&VERSION=2.0.2&REQUEST=GetRecordById&ID=cf69ec50-9849-4afd-853c-ee56211d336d&OUTPUTSCHEMA=http://www.isotc211.org/2005/gmd&ELEMENTSETNAME=full#MD_DataIdentification","tps://nationaalgeoregister.nl/geonetwork/srv/dut/inspire?SERVICE=CSW&VERSION=2.0.2&REQUEST=GetRecordById&ID=cf69ec50-9849-4afd-853c-ee56211d336d&OUTPUTSCHEMA=http://www.isotc211.org/2005/gmd&ELEMENTSETNAME=full","other"
"tn-2c7040b-c448-451b-bf15-f2416etaadd1","Vervoersnetwerken - Waterwegen (INSPIRE geharmoniseerd) - WT ATOM","https://haleconnect.com/services/bsp/org.292.2885ef73-e044-4da4-b9b6-8a461a5353aa/service/atom/id_predefined_dataset","null","Rijkswaterstaat","[servicedesk-data@rijkswaterstaat.nl, servicedesk-data@rijkswaterstaat.nl, info@wetransform.to]","Nederlands metadata profiel op ISO 19119 voor services 2.0","http://nationaalgeoregister.nl/geonetwork/srv/en/csw?service=csw&VERSION=2.0.2&REQUEST=GetRecordById&OUTPUTSCHEMA=http://www.isotc211.org/2005/gmd&ELEMENTSETNAME=full&ID=eu-2c7040b-c448-451b-bf15-f2416ecaadd1#MD_DataIdentification","tp://nationaalgeoregister.nl/geonetwork/srv/en/csw?service=csw&VERSION=2.0.2&REQUEST=GetRecordById&OUTPUTSCHEMA=http://www.isotc211.org/2005/gmd&ELEMENTSETNAME=full&ID=eu-2c7040b-c448-451b-bf15-f2416ecaadd1","download"
"68ebd5c9-0ea1-4f22-9907-ec4c06mcd3e2","Landelijk zoet en zoutwatermeetnet - Rijkswaterstaat WMS","[https://waterwebservices.rijkswaterstaat.nl/services/distributielaagWFS/distributielaag_dbo?service=WFS&version=1.0.0&request=GetCapabilities, https://waterwebservices.rijkswaterstaat.nl/services/distributielaagWFS/distributielaag_dbo?service=WFS&version=1.0.0&request=GetCapabilities]","null","Rijkswaterstaat","[servicedesk-data@rijkswaterstaat.nl, servicedesk-data@rijkswaterstaat.nl, servicedesk-data@rijkswaterstaat.nl]","Nederlands metadata profiel op ISO 19119 voor services 2.0","https://nationaalgeoregister.nl/geonetwork/srv/dut/inspire?SERVICE=CSW&VERSION=2.0.2&REQUEST=GetRecordById&ID=68ebd5c9-0ea1-4f22-9907-ec4c063cd3e2&OUTPUTSCHEMA=http://www.isotc211.org/2005/gmd&ELEMENTSETNAME=full#MD_DataIdentification","tps://nationaalgeoregister.nl/geonetwork/srv/dut/inspire?SERVICE=CSW&VERSION=2.0.2&REQUEST=GetRecordById&ID=68ebd5c9-0ea1-4f22-9907-ec4c063cd3e2&OUTPUTSCHEMA=http://www.isotc211.org/2005/gmd&ELEMENTSETNAME=full","view"
"b023459a-9f0e-4d53-8059-a794119abbed","Beschermde gebieden - CDDA (INSPIRE geharmoniseerd) WFS","https://geodata.nationaalgeoregister.nl/inspire/ps-cdda/wfs?request=GetCapabilities","OGC:WFS","Beheer PDOK","[beheerPDOK@kadaster.nl, beheerPDOK@kadaster.nl]","Nederlands metadata profiel op ISO 19119 voor services 2.0","https://nationaalgeoregister.nl/geonetwork/srv/en/csw?service=CSW&version=2.0.2&request=GetRecordById&outputschema=http://www.isotc211.org/2005/gmd&elementsetname=full&id=3387ef8a-9237-453a-aa4e-585d1e193550#MD_DataIdentification","3387ef8a-9237-453a-aa4e-585d1e193550","download"
"68ebd5c9-0ea1-4f22-9907-ec4c06fcd3e2","Landelijk zoet en zoutwatermeetnet - Rijkswaterstaat WFS","[https://waterwebservices.rijkswaterstaat.nl/services/distributielaagWFS/distributielaag_dbo?service=WFS&version=2.0.0&request=GetCapabilities, https://waterwebservices.rijkswaterstaat.nl/services/distributielaagWFS/distributielaag_dbo?service=WFS&version=2.0.0&request=GetCapabilities]","null","Rijkswaterstaat","[servicedesk-data@rijkswaterstaat.nl, servicedesk-data@rijkswaterstaat.nl, servicedesk-data@rijkswaterstaat.nl]","Nederlands metadata profiel op ISO 19119 voor services 2.0","https://nationaalgeoregister.nl/geonetwork/srv/dut/inspire?SERVICE=CSW&VERSION=2.0.2&REQUEST=GetRecordById&ID=68ebd5c9-0ea1-4f22-9907-ec4c063cd3e2&OUTPUTSCHEMA=http://www.isotc211.org/2005/gmd&ELEMENTSETNAME=full#MD_DataIdentification","tps://nationaalgeoregister.nl/geonetwork/srv/dut/inspire?SERVICE=CSW&VERSION=2.0.2&REQUEST=GetRecordById&ID=68ebd5c9-0ea1-4f22-9907-ec4c063cd3e2&OUTPUTSCHEMA=http://www.isotc211.org/2005/gmd&ELEMENTSETNAME=full","other"
"cf69ec50-9849-4afd-853c-ee5621md336d","Waterstanden en afvoeren actueel - Rijkswaterstaat - WMS","[https://waterwebservices.rijkswaterstaat.nl/services/distributielaagWFS/distributielaag_dbo?service=WMS&version=1.0.0&request=GetCapabilities, https://waterwebservices.rijkswaterstaat.nl/services/distributielaagWFS/distributielaag_dbo?service=WMS&version=1.0.0&request=GetCapabilities]","null","Rijkswaterstaat","[servicedesk-data@rijkswaterstaat.nl, servicedesk-data@rijkswaterstaat.nl, servicedesk-data@rijkswaterstaat.nl]","Nederlands metadata profiel op ISO 19119 voor services 2.0","https://nationaalgeoregister.nl/geonetwork/srv/dut/inspire?SERVICE=CSW&VERSION=2.0.2&REQUEST=GetRecordById&ID=cf69ec50-9849-4afd-853c-ee56211d336d&OUTPUTSCHEMA=http://www.isotc211.org/2005/gmd&ELEMENTSETNAME=full#MD_DataIdentification","tps://nationaalgeoregister.nl/geonetwork/srv/dut/inspire?SERVICE=CSW&VERSION=2.0.2&REQUEST=GetRecordById&ID=cf69ec50-9849-4afd-853c-ee56211d336d&OUTPUTSCHEMA=http://www.isotc211.org/2005/gmd&ELEMENTSETNAME=full","view"
"5bb85b77-fffd-449b-bd61-f076fe07cc4b","Vervoersnetwerken - Kabelbanen (INSPIRE geharmoniseerd) WFS","https://geodata.nationaalgeoregister.nl/inspire/tn-c/wfs?request=GetCapabilities","OGC:WFS","Beheer PDOK","[beheerPDOK@kadaster.nl, beheerPDOK@kadaster.nl]","Nederlands metadata profiel op ISO 19119 voor services 2.0","http://nationaalgeoregister.nl/geonetwork/srv/dut/csw?service=CSW&version=2.0.2&request=GetRecordById&outputschema=http://www.isotc211.org/2005/gmd&elementsetname=full&id=6c06740d-058f-4a12-bb3f-bf68efd03d09#MD_DataIdentification","6c06740d-058f-4a12-bb3f-bf68efd03d09","download"
"1d568785-efdd-429d-b491-56f785c3656a","Administratieve Eenheden (INSPIRE geharmoniseerd) WFS","https://geodata.nationaalgeoregister.nl/inspire/au/wfs?request=GetCapabilities","OGC:WFS","Beheer PDOK","[beheerPDOK@kadaster.nl, beheerPDOK@kadaster.nl]","Nederlands metadata profiel op ISO 19119 voor services 2.0","http://nationaalgeoregister.nl/geonetwork/srv/dut/csw?service=CSW&version=2.0.2&request=GetRecordById&outputschema=http://www.isotc211.org/2005/gmd&elementsetname=full&id=7dd1fd45-ace5-41e0-93a6-64e3be231717#MD_DataIdentification","7dd1fd45-ace5-41e0-93a6-64e3be231717","download"
"d981070b-888c-42d5-85ff-1e383f3d7fce","Windsnelheden 100m hoogte WMS","https://geodata.nationaalgeoregister.nl/windkaart/wms?request=GetCapabilities","OGC:WMS","Beheer PDOK","[beheerPDOK@kadaster.nl, beheerPDOK@kadaster.nl]","Nederlands metadata profiel op ISO 19119 voor services 2.0","http://nationaalgeoregister.nl/geonetwork/srv/dut/csw?service=CSW&version=2.0.2&request=GetRecordById&outputschema=http://www.isotc211.org/2005/gmd&elementsetname=full&id=d845cef6-0e23-4212-a951-b69763e39ef0#MD_DataIdentification","d845cef6-0e23-4212-a951-b69763e39ef0","view"
"f59357eb-185f-42a5-b465-90bfa6e3e416","Kwaliteit van drinkwater in Nederland (2012) (WFS)","[https://inspire.rivm.nl/geoserver/wfs?request=GetCapabilities, https://inspire.rivm.nl/atom/drinking_water_2012.xml]","INSPIRE Atom","no organisationName found in dataset record","[geodata@rivm.nl, geodata@rivm.nl]","Nederlands metadata profiel op ISO 19119 voor services 2.0","http://www.nationaalgeoregister.nl/geonetwork/srv/dut/csw?service=CSW&request=GetRecordById&version=2.0.2&outputSchema=http://www.isotc211.org/2005/gmd&elementSetName=full&id=32a21114-8694-40ce-ab76-9dcd885c7861#MD_DataIdentification","32a21114-8694-40ce-ab76-9dcd885c7861","download"
"23aa5150-fcc7-46ea-ae63-a7f198d8bc18","Zones en agglomeraties (Richtlijn Luchtkwaliteit) 2013 (WMS)","https://inspire.rivm.nl/geoserver/airq/wms?request=GetCapabilities","null","no organisationName found in dataset record","[geodata@rivm.nl, geodata@rivm.nl]","Nederlands metadata profiel op ISO 19119 voor services 2.0","http://www.nationaalgeoregister.nl/geonetwork/srv/en/csw?service=CSW&request=GetRecordById&version=2.0.2&outputSchema=http://www.isotc211.org/2005/gmd&elementSetName=full&id=2cc2c30c-91b8-412a-a060-e84d25272581#MD_DataIdentification","2cc2c30c-91b8-412a-a060-e84d25272581","view"
"b4ae5b2c-f557-4a30-bbf2-c2681a544f32","Vaarweg Informatie Nederland (VIN) WFS","https://geodata.nationaalgeoregister.nl/vin/wfs?request=GetCapabilities","null","Beheer PDOK","[beheerPDOK@kadaster.nl, beheerPDOK@kadaster.nl]","Nederlands metadata profiel op ISO 19119 voor services 2.0","http://nationaalgeoregister.nl/geonetwork/srv/dut/csw?service=CSW&version=2.0.2&request=GetRecordById&outputschema=http://www.isotc211.org/2005/gmd&elementsetname=full&id=831f7bd7-c2ae-4336-bd2f-47ab20d7cdb7#MD_DataIdentification","831f7bd7-c2ae-4336-bd2f-47ab20d7cdb7","download"
"e27e61d8-25b1-45ee-a2df-071312ba8a69","Kaderrichtlijn Water actueel ATOM","https://geodata.nationaalgeoregister.nl/rws/kaderrichtlijnwateractueel/atom/v1_0/index.xml","INSPIRE Atom","Beheer PDOK","[beheerPDOK@kadaster.nl, beheerPDOK@kadaster.nl]","Nederlands metadata profiel op ISO 19119 voor services 2.0","[https://www.nationaalgeoregister.nl:443/geonetwork/srv/dut/csw?service=CSW&request=GetRecordById&version=2.0.2&outputSchema=http://www.isotc211.org/2005/gmd&elementSetName=full&id=622a632a-c57b-44a2-83a4-e51223d5f15g#MD_DataIdentification, https://www.nationaalgeoregister.nl:443/geonetwork/srv/dut/csw?service=CSW&request=GetRecordById&version=2.0.2&outputSchema=http://www.isotc211.org/2005/gmd&elementSetName=full&id=2e31680f-68b5-4ff3-94a4-9c24109ffd5e#MD_DataIdentification, https://www.nationaalgeoregister.nl:443/geonetwork/srv/dut/csw?service=CSW&request=GetRecordById&version=2.0.2&outputSchema=http://www.isotc211.org/2005/gmd&elementSetName=full&id=krw-f7bb2351-9788-42ea-a58b-a5ee1842304e#MD_DataIdentification, https://www.nationaalgeoregister.nl:443/geonetwork/srv/dut/csw?service=CSW&request=GetRecordById&version=2.0.2&outputSchema=http://www.isotc211.org/2005/gmd&elementSetName=full&id=krw-782cab20-8328-45f1-a9b2-c27d07c14066#MD_DataIdentification]","622a632a-c57b-44a2-83a4-e51223d5f15g","download"
"dd49e02c-ea87-4ffc-89dd-f888608d95b7","Nationale Parken WMS","https://geodata.nationaalgeoregister.nl/nationaleparken/wms?request=GetCapabilities&service=wms","OGC:WMS","Beheer PDOK","[beheerPDOK@kadaster.nl, beheerPDOK@kadaster.nl]","Nederlands metadata profiel op ISO 19119 voor services 1.2","http://nationaalgeoregister.nl/geonetwork/srv/en/csw?service=CSW&version=2.0.2&request=GetRecordById&outputSchema=http://www.isotc211.org/2005/gmd&elementSetName=full&id=4961d305-fbb5-426a-9ba3-53e1ca5f3b18","4961d305-fbb5-426a-9ba3-53e1ca5f3b18","view"
"9c4862c3-0bab-49c3-bc2f-ac5486826766","Habitatrichtlijn verspreiding van soorten WFS","[https://geodata.nationaalgeoregister.nl/habitatrichtlijnverspreidingsoorten/v2/wfs?request=GetCapabilities, https://geodata.nationaalgeoregister.nl/habitatrichtlijnverspreidingsoorten/v2/wfs?request=GetCapabilities, https://geodata.nationaalgeoregister.nl/habitatrichtlijnverspreidingsoorten/v2/wfs?request=GetCapabilities, https://geodata.nationaalgeoregister.nl/habitatrichtlijnverspreidingsoorten/v2/wfs?request=GetCapabilities, https://geodata.nationaalgeoregister.nl/habitatrichtlijnverspreidingsoorten/v2/wfs?request=GetCapabilities, https://geodata.nationaalgeoregister.nl/habitatrichtlijnverspreidingsoorten/v2/wfs?request=GetCapabilities, https://geodata.nationaalgeoregister.nl/habitatrichtlijnverspreidingsoorten/v2/wfs?request=GetCapabilities, https://geodata.nationaalgeoregister.nl/habitatrichtlijnverspreidingsoorten/v2/wfs?request=GetCapabilities, https://geodata.nationaalgeoregister.nl/habitatrichtlijnverspreidingsoorten/v2/wfs?request=GetCapabilities, https://geodata.nationaalgeoregister.nl/habitatrichtlijnverspreidingsoorten/v2/wfs?request=GetCapabilities, https://geodata.nationaalgeoregister.nl/habitatrichtlijnverspreidingsoorten/v2/wfs?request=GetCapabilities, https://geodata.nationaalgeoregister.nl/habitatrichtlijnverspreidingsoorten/v2/wfs?request=GetCapabilities, https://geodata.nationaalgeoregister.nl/habitatrichtlijnverspreidingsoorten/v2/wfs?request=GetCapabilities, https://geodata.nationaalgeoregister.nl/habitatrichtlijnverspreidingsoorten/v2/wfs?request=GetCapabilities, https://geodata.nationaalgeoregister.nl/habitatrichtlijnverspreidingsoorten/v2/wfs?request=GetCapabilities, https://geodata.nationaalgeoregister.nl/habitatrichtlijnverspreidingsoorten/v2/wfs?request=GetCapabilities, https://geodata.nationaalgeoregister.nl/habitatrichtlijnverspreidingsoorten/v2/wfs?request=GetCapabilities, https://geodata.nationaalgeoregister.nl/habitatrichtlijnverspreidingsoorten/v2/wfs?request=GetCapabilities, https://geodata.nationaalgeoregister.nl/habitatrichtlijnverspreidingsoorten/v2/wfs?request=GetCapabilities, https://geodata.nationaalgeoregister.nl/habitatrichtlijnverspreidingsoorten/v2/wfs?request=GetCapabilities, https://geodata.nationaalgeoregister.nl/habitatrichtlijnverspreidingsoorten/v2/wfs?request=GetCapabilities, https://geodata.nationaalgeoregister.nl/habitatrichtlijnverspreidingsoorten/v2/wfs?request=GetCapabilities, https://geodata.nationaalgeoregister.nl/habitatrichtlijnverspreidingsoorten/v2/wfs?request=GetCapabilities, https://geodata.nationaalgeoregister.nl/habitatrichtlijnverspreidingsoorten/v2/wfs?request=GetCapabilities, https://geodata.nationaalgeoregister.nl/habitatrichtlijnverspreidingsoorten/v2/wfs?request=GetCapabilities, https://geodata.nationaalgeoregister.nl/habitatrichtlijnverspreidingsoorten/v2/wfs?request=GetCapabilities, https://geodata.nationaalgeoregister.nl/habitatrichtlijnverspreidingsoorten/v2/wfs?request=GetCapabilities, https://geodata.nationaalgeoregister.nl/habitatrichtlijnverspreidingsoorten/v2/wfs?request=GetCapabilities, https://geodata.nationaalgeoregister.nl/habitatrichtlijnverspreidingsoorten/v2/wfs?request=GetCapabilities, https://geodata.nationaalgeoregister.nl/habitatrichtlijnverspreidingsoorten/v2/wfs?request=GetCapabilities, https://geodata.nationaalgeoregister.nl/habitatrichtlijnverspreidingsoorten/v2/wfs?request=GetCapabilities, https://geodata.nationaalgeoregister.nl/habitatrichtlijnverspreidingsoorten/v2/wfs?request=GetCapabilities, https://geodata.nationaalgeoregister.nl/habitatrichtlijnverspreidingsoorten/v2/wfs?request=GetCapabilities, https://geodata.nationaalgeoregister.nl/habitatrichtlijnverspreidingsoorten/v2/wfs?request=GetCapabilities, https://geodata.nationaalgeoregister.nl/habitatrichtlijnverspreidingsoorten/v2/wfs?request=GetCapabilities, https://geodata.nationaalgeoregister.nl/habitatrichtlijnverspreidingsoorten/v2/wfs?request=GetCapabilities, https://geodata.nationaalgeoregister.nl/habitatrichtlijnverspreidingsoorten/v2/wfs?request=GetCapabilities, https://geodata.nationaalgeoregister.nl/habitatrichtlijnverspreidingsoorten/v2/wfs?request=GetCapabilities, https://geodata.nationaalgeoregister.nl/habitatrichtlijnverspreidingsoorten/v2/wfs?request=GetCapabilities, https://geodata.nationaalgeoregister.nl/habitatrichtlijnverspreidingsoorten/v2/wfs?request=GetCapabilities, https://geodata.nationaalgeoregister.nl/habitatrichtlijnverspreidingsoorten/v2/wfs?request=GetCapabilities, https://geodata.nationaalgeoregister.nl/habitatrichtlijnverspreidingsoorten/v2/wfs?request=GetCapabilities, https://geodata.nationaalgeoregister.nl/habitatrichtlijnverspreidingsoorten/v2/wfs?request=GetCapabilities, https://geodata.nationaalgeoregister.nl/habitatrichtlijnverspreidingsoorten/v2/wfs?request=GetCapabilities, https://geodata.nationaalgeoregister.nl/habitatrichtlijnverspreidingsoorten/v2/wfs?request=GetCapabilities, https://geodata.nationaalgeoregister.nl/habitatrichtlijnverspreidingsoorten/v2/wfs?request=GetCapabilities, https://geodata.nationaalgeoregister.nl/habitatrichtlijnverspreidingsoorten/v2/wfs?request=GetCapabilities, https://geodata.nationaalgeoregister.nl/habitatrichtlijnverspreidingsoorten/v2/wfs?request=GetCapabilities, https://geodata.nationaalgeoregister.nl/habitatrichtlijnverspreidingsoorten/v2/wfs?request=GetCapabilities, https://geodata.nationaalgeoregister.nl/habitatrichtlijnverspreidingsoorten/v2/wfs?request=GetCapabilities, https://geodata.nationaalgeoregister.nl/habitatrichtlijnverspreidingsoorten/v2/wfs?request=GetCapabilities, https://geodata.nationaalgeoregister.nl/habitatrichtlijnverspreidingsoorten/v2/wfs?request=GetCapabilities, https://geodata.nationaalgeoregister.nl/habitatrichtlijnverspreidingsoorten/v2/wfs?request=GetCapabilities, https://geodata.nationaalgeoregister.nl/habitatrichtlijnverspreidingsoorten/v2/wfs?request=GetCapabilities, https://geodata.nationaalgeoregister.nl/habitatrichtlijnverspreidingsoorten/v2/wfs?request=GetCapabilities, https://geodata.nationaalgeoregister.nl/habitatrichtlijnverspreidingsoorten/v2/wfs?request=GetCapabilities, https://geodata.nationaalgeoregister.nl/habitatrichtlijnverspreidingsoorten/v2/wfs?request=GetCapabilities, https://geodata.nationaalgeoregister.nl/habitatrichtlijnverspreidingsoorten/v2/wfs?request=GetCapabilities, https://geodata.nationaalgeoregister.nl/habitatrichtlijnverspreidingsoorten/v2/wfs?request=GetCapabilities, https://geodata.nationaalgeoregister.nl/habitatrichtlijnverspreidingsoorten/v2/wfs?request=GetCapabilities, https://geodata.nationaalgeoregister.nl/habitatrichtlijnverspreidingsoorten/v2/wfs?request=GetCapabilities, https://geodata.nationaalgeoregister.nl/habitatrichtlijnverspreidingsoorten/v2/wfs?request=GetCapabilities, https://geodata.nationaalgeoregister.nl/habitatrichtlijnverspreidingsoorten/v2/wfs?request=GetCapabilities, https://geodata.nationaalgeoregister.nl/habitatrichtlijnverspreidingsoorten/v2/wfs?request=GetCapabilities, https://geodata.nationaalgeoregister.nl/habitatrichtlijnverspreidingsoorten/v2/wfs?request=GetCapabilities, https://geodata.nationaalgeoregister.nl/habitatrichtlijnverspreidingsoorten/v2/wfs?request=GetCapabilities, https://geodata.nationaalgeoregister.nl/habitatrichtlijnverspreidingsoorten/v2/wfs?request=GetCapabilities, https://geodata.nationaalgeoregister.nl/habitatrichtlijnverspreidingsoorten/v2/wfs?request=GetCapabilities, https://geodata.nationaalgeoregister.nl/habitatrichtlijnverspreidingsoorten/v2/wfs?request=GetCapabilities, https://geodata.nationaalgeoregister.nl/habitatrichtlijnverspreidingsoorten/v2/wfs?request=GetCapabilities, https://geodata.nationaalgeoregister.nl/habitatrichtlijnverspreidingsoorten/v2/wfs?request=GetCapabilities, https://geodata.nationaalgeoregister.nl/habitatrichtlijnverspreidingsoorten/v2/wfs?request=GetCapabilities, https://geodata.nationaalgeoregister.nl/habitatrichtlijnverspreidingsoorten/v2/wfs?request=GetCapabilities, https://geodata.nationaalgeoregister.nl/habitatrichtlijnverspreidingsoorten/v2/wfs?request=GetCapabilities, https://geodata.nationaalgeoregister.nl/habitatrichtlijnverspreidingsoorten/v2/wfs?request=GetCapabilities, https://geodata.nationaalgeoregister.nl/habitatrichtlijnverspreidingsoorten/v2/wfs?request=GetCapabilities, https://geodata.nationaalgeoregister.nl/habitatrichtlijnverspreidingsoorten/v2/wfs?request=GetCapabilities, https://geodata.nationaalgeoregister.nl/habitatrichtlijnverspreidingsoorten/v2/wfs?request=GetCapabilities, https://geodata.nationaalgeoregister.nl/habitatrichtlijnverspreidingsoorten/v2/wfs?request=GetCapabilities]","null","Beheer PDOK","[beheerPDOK@kadaster.nl, beheerPDOK@kadaster.nl]","Nederlands metadata profiel op ISO 19119 voor services 2.0","http://nationaalgeoregister.nl/geonetwork/srv/dut/csw?service=CSW&version=2.0.2&request=GetRecordById&outputschema=http://www.isotc211.org/2005/gmd&elementsetname=full&id=28c4780a-1a44-4376-b283-14a50a481729#MD_DataIdentification","28c4780a-1a44-4376-b283-14a50a481729","download"
"609d0c9e-173f-4f90-b020-c91ab3a0b6ef","RD info WMS","[https://geodata.nationaalgeoregister.nl/rdinfo/wms?request=GetCapabilities, https://geodata.nationaalgeoregister.nl/rdinfo/wms?request=GetCapabilities]","[OGC:WMS, OGC:WMS]","Beheer PDOK","[beheerPDOK@kadaster.nl, BeheerPDOK@kadaster.nl]","Nederlands metadata profiel op ISO 19119 voor services 2.0","http://nationaalgeoregister.nl/geonetwork/srv/dut/csw?service=CSW&version=2.0.2&request=GetRecordById&outputschema=http://www.isotc211.org/2005/gmd&elementsetname=full&id=29c17585-e702-463f-a5dc-99d34b17d333#MD_DataIdentification","29c17585-e702-463f-a5dc-99d34b17d333","view"
"e69bb2e9-eff4-4fb3-86a6-057cf628e761","Vogelrichtlijn verspreiding van soorten WMS","[https://geodata.nationaalgeoregister.nl/vogelrichtlijnverspreidingsoorten/wms?request=GetCapabilities, https://geodata.nationaalgeoregister.nl/vogelrichtlijnverspreidingsoorten/wms?request=GetCapabilities, https://geodata.nationaalgeoregister.nl/vogelrichtlijnverspreidingsoorten/wms?request=GetCapabilities, https://geodata.nationaalgeoregister.nl/vogelrichtlijnverspreidingsoorten/wms?request=GetCapabilities, https://geodata.nationaalgeoregister.nl/vogelrichtlijnverspreidingsoorten/wms?request=GetCapabilities, https://geodata.nationaalgeoregister.nl/vogelrichtlijnverspreidingsoorten/wms?request=GetCapabilities, https://geodata.nationaalgeoregister.nl/vogelrichtlijnverspreidingsoorten/wms?request=GetCapabilities, https://geodata.nationaalgeoregister.nl/vogelrichtlijnverspreidingsoorten/wms?request=GetCapabilities, https://geodata.nationaalgeoregister.nl/vogelrichtlijnverspreidingsoorten/wms?request=GetCapabilities, https://geodata.nationaalgeoregister.nl/vogelrichtlijnverspreidingsoorten/wms?request=GetCapabilities, https://geodata.nationaalgeoregister.nl/vogelrichtlijnverspreidingsoorten/wms?request=GetCapabilities, https://geodata.nationaalgeoregister.nl/vogelrichtlijnverspreidingsoorten/wms?request=GetCapabilities, https://geodata.nationaalgeoregister.nl/vogelrichtlijnverspreidingsoorten/wms?request=GetCapabilities, https://geodata.nationaalgeoregister.nl/vogelrichtlijnverspreidingsoorten/wms?request=GetCapabilities, https://geodata.nationaalgeoregister.nl/vogelrichtlijnverspreidingsoorten/wms?request=GetCapabilities, https://geodata.nationaalgeoregister.nl/vogelrichtlijnverspreidingsoorten/wms?request=GetCapabilities, https://geodata.nationaalgeoregister.nl/vogelrichtlijnverspreidingsoorten/wms?request=GetCapabilities, https://geodata.nationaalgeoregister.nl/vogelrichtlijnverspreidingsoorten/wms?request=GetCapabilities, https://geodata.nationaalgeoregister.nl/vogelrichtlijnverspreidingsoorten/wms?request=GetCapabilities, https://geodata.nationaalgeoregister.nl/vogelrichtlijnverspreidingsoorten/wms?request=GetCapabilities, https://geodata.nationaalgeoregister.nl/vogelrichtlijnverspreidingsoorten/wms?request=GetCapabilities, https://geodata.nationaalgeoregister.nl/vogelrichtlijnverspreidingsoorten/wms?request=GetCapabilities, https://geodata.nationaalgeoregister.nl/vogelrichtlijnverspreidingsoorten/wms?request=GetCapabilities, https://geodata.nationaalgeoregister.nl/vogelrichtlijnverspreidingsoorten/wms?request=GetCapabilities, https://geodata.nationaalgeoregister.nl/vogelrichtlijnverspreidingsoorten/wms?request=GetCapabilities, https://geodata.nationaalgeoregister.nl/vogelrichtlijnverspreidingsoorten/wms?request=GetCapabilities, https://geodata.nationaalgeoregister.nl/vogelrichtlijnverspreidingsoorten/wms?request=GetCapabilities, https://geodata.nationaalgeoregister.nl/vogelrichtlijnverspreidingsoorten/wms?request=GetCapabilities, https://geodata.nationaalgeoregister.nl/vogelrichtlijnverspreidingsoorten/wms?request=GetCapabilities, https://geodata.nationaalgeoregister.nl/vogelrichtlijnverspreidingsoorten/wms?request=GetCapabilities, https://geodata.nationaalgeoregister.nl/vogelrichtlijnverspreidingsoorten/wms?request=GetCapabilities, https://geodata.nationaalgeoregister.nl/vogelrichtlijnverspreidingsoorten/wms?request=GetCapabilities, https://geodata.nationaalgeoregister.nl/vogelrichtlijnverspreidingsoorten/wms?request=GetCapabilities, https://geodata.nationaalgeoregister.nl/vogelrichtlijnverspreidingsoorten/wms?request=GetCapabilities, https://geodata.nationaalgeoregister.nl/vogelrichtlijnverspreidingsoorten/wms?request=GetCapabilities, https://geodata.nationaalgeoregister.nl/vogelrichtlijnverspreidingsoorten/wms?request=GetCapabilities, https://geodata.nationaalgeoregister.nl/vogelrichtlijnverspreidingsoorten/wms?request=GetCapabilities, https://geodata.nationaalgeoregister.nl/vogelrichtlijnverspreidingsoorten/wms?request=GetCapabilities, https://geodata.nationaalgeoregister.nl/vogelrichtlijnverspreidingsoorten/wms?request=GetCapabilities, https://geodata.nationaalgeoregister.nl/vogelrichtlijnverspreidingsoorten/wms?request=GetCapabilities, https://geodata.nationaalgeoregister.nl/vogelrichtlijnverspreidingsoorten/wms?request=GetCapabilities, https://geodata.nationaalgeoregister.nl/vogelrichtlijnverspreidingsoorten/wms?request=GetCapabilities, https://geodata.nationaalgeoregister.nl/vogelrichtlijnverspreidingsoorten/wms?request=GetCapabilities, https://geodata.nationaalgeoregister.nl/vogelrichtlijnverspreidingsoorten/wms?request=GetCapabilities, https://geodata.nationaalgeoregister.nl/vogelrichtlijnverspreidingsoorten/wms?request=GetCapabilities, https://geodata.nationaalgeoregister.nl/vogelrichtlijnverspreidingsoorten/wms?request=GetCapabilities, https://geodata.nationaalgeoregister.nl/vogelrichtlijnverspreidingsoorten/wms?request=GetCapabilities, https://geodata.nationaalgeoregister.nl/vogelrichtlijnverspreidingsoorten/wms?request=GetCapabilities, https://geodata.nationaalgeoregister.nl/vogelrichtlijnverspreidingsoorten/wms?request=GetCapabilities, https://geodata.nationaalgeoregister.nl/vogelrichtlijnverspreidingsoorten/wms?request=GetCapabilities, https://geodata.nationaalgeoregister.nl/vogelrichtlijnverspreidingsoorten/wms?request=GetCapabilities, https://geodata.nationaalgeoregister.nl/vogelrichtlijnverspreidingsoorten/wms?request=GetCapabilities, https://geodata.nationaalgeoregister.nl/vogelrichtlijnverspreidingsoorten/wms?request=GetCapabilities, https://geodata.nationaalgeoregister.nl/vogelrichtlijnverspreidingsoorten/wms?request=GetCapabilities, https://geodata.nationaalgeoregister.nl/vogelrichtlijnverspreidingsoorten/wms?request=GetCapabilities, https://geodata.nationaalgeoregister.nl/vogelrichtlijnverspreidingsoorten/wms?request=GetCapabilities, https://geodata.nationaalgeoregister.nl/vogelrichtlijnverspreidingsoorten/wms?request=GetCapabilities, https://geodata.nationaalgeoregister.nl/vogelrichtlijnverspreidingsoorten/wms?request=GetCapabilities, https://geodata.nationaalgeoregister.nl/vogelrichtlijnverspreidingsoorten/wms?request=GetCapabilities, https://geodata.nationaalgeoregister.nl/vogelrichtlijnverspreidingsoorten/wms?request=GetCapabilities, https://geodata.nationaalgeoregister.nl/vogelrichtlijnverspreidingsoorten/wms?request=GetCapabilities, https://geodata.nationaalgeoregister.nl/vogelrichtlijnverspreidingsoorten/wms?request=GetCapabilities, https://geodata.nationaalgeoregister.nl/vogelrichtlijnverspreidingsoorten/wms?request=GetCapabilities, https://geodata.nationaalgeoregister.nl/vogelrichtlijnverspreidingsoorten/wms?request=GetCapabilities, https://geodata.nationaalgeoregister.nl/vogelrichtlijnverspreidingsoorten/wms?request=GetCapabilities, https://geodata.nationaalgeoregister.nl/vogelrichtlijnverspreidingsoorten/wms?request=GetCapabilities, https://geodata.nationaalgeoregister.nl/vogelrichtlijnverspreidingsoorten/wms?request=GetCapabilities, https://geodata.nationaalgeoregister.nl/vogelrichtlijnverspreidingsoorten/wms?request=GetCapabilities, https://geodata.nationaalgeoregister.nl/vogelrichtlijnverspreidingsoorten/wms?request=GetCapabilities, https://geodata.nationaalgeoregister.nl/vogelrichtlijnverspreidingsoorten/wms?request=GetCapabilities, https://geodata.nationaalgeoregister.nl/vogelrichtlijnverspreidingsoorten/wms?request=GetCapabilities, https://geodata.nationaalgeoregister.nl/vogelrichtlijnverspreidingsoorten/wms?request=GetCapabilities, https://geodata.nationaalgeoregister.nl/vogelrichtlijnverspreidingsoorten/wms?request=GetCapabilities, https://geodata.nationaalgeoregister.nl/vogelrichtlijnverspreidingsoorten/wms?request=GetCapabilities, https://geodata.nationaalgeoregister.nl/vogelrichtlijnverspreidingsoorten/wms?request=GetCapabilities, https://geodata.nationaalgeoregister.nl/vogelrichtlijnverspreidingsoorten/wms?request=GetCapabilities, https://geodata.nationaalgeoregister.nl/vogelrichtlijnverspreidingsoorten/wms?request=GetCapabilities, https://geodata.nationaalgeoregister.nl/vogelrichtlijnverspreidingsoorten/wms?request=GetCapabilities, https://geodata.nationaalgeoregister.nl/vogelrichtlijnverspreidingsoorten/wms?request=GetCapabilities, https://geodata.nationaalgeoregister.nl/vogelrichtlijnverspreidingsoorten/wms?request=GetCapabilities, https://geodata.nationaalgeoregister.nl/vogelrichtlijnverspreidingsoorten/wms?request=GetCapabilities, https://geodata.nationaalgeoregister.nl/vogelrichtlijnverspreidingsoorten/wms?request=GetCapabilities, https://geodata.nationaalgeoregister.nl/vogelrichtlijnverspreidingsoorten/wms?request=GetCapabilities, https://geodata.nationaalgeoregister.nl/vogelrichtlijnverspreidingsoorten/wms?request=GetCapabilities, https://geodata.nationaalgeoregister.nl/vogelrichtlijnverspreidingsoorten/wms?request=GetCapabilities, https://geodata.nationaalgeoregister.nl/vogelrichtlijnverspreidingsoorten/wms?request=GetCapabilities, https://geodata.nationaalgeoregister.nl/vogelrichtlijnverspreidingsoorten/wms?request=GetCapabilities, https://geodata.nationaalgeoregister.nl/vogelrichtlijnverspreidingsoorten/wms?request=GetCapabilities, https://geodata.nationaalgeoregister.nl/vogelrichtlijnverspreidingsoorten/wms?request=GetCapabilities, https://geodata.nationaalgeoregister.nl/vogelrichtlijnverspreidingsoorten/wms?request=GetCapabilities, https://geodata.nationaalgeoregister.nl/vogelrichtlijnverspreidingsoorten/wms?request=GetCapabilities, https://geodata.nationaalgeoregister.nl/vogelrichtlijnverspreidingsoorten/wms?request=GetCapabilities, https://geodata.nationaalgeoregister.nl/vogelrichtlijnverspreidingsoorten/wms?request=GetCapabilities, https://geodata.nationaalgeoregister.nl/vogelrichtlijnverspreidingsoorten/wms?request=GetCapabilities, https://geodata.nationaalgeoregister.nl/vogelrichtlijnverspreidingsoorten/wms?request=GetCapabilities, https://geodata.nationaalgeoregister.nl/vogelrichtlijnverspreidingsoorten/wms?request=GetCapabilities, https://geodata.nationaalgeoregister.nl/vogelrichtlijnverspreidingsoorten/wms?request=GetCapabilities, https://geodata.nationaalgeoregister.nl/vogelrichtlijnverspreidingsoorten/wms?request=GetCapabilities, https://geodata.nationaalgeoregister.nl/vogelrichtlijnverspreidingsoorten/wms?request=GetCapabilities, https://geodata.nationaalgeoregister.nl/vogelrichtlijnverspreidingsoorten/wms?request=GetCapabilities, https://geodata.nationaalgeoregister.nl/vogelrichtlijnverspreidingsoorten/wms?request=GetCapabilities, https://geodata.nationaalgeoregister.nl/vogelrichtlijnverspreidingsoorten/wms?request=GetCapabilities, https://geodata.nationaalgeoregister.nl/vogelrichtlijnverspreidingsoorten/wms?request=GetCapabilities, https://geodata.nationaalgeoregister.nl/vogelrichtlijnverspreidingsoorten/wms?request=GetCapabilities, https://geodata.nationaalgeoregister.nl/vogelrichtlijnverspreidingsoorten/wms?request=GetCapabilities, https://geodata.nationaalgeoregister.nl/vogelrichtlijnverspreidingsoorten/wms?request=GetCapabilities, https://geodata.nationaalgeoregister.nl/vogelrichtlijnverspreidingsoorten/wms?request=GetCapabilities, https://geodata.nationaalgeoregister.nl/vogelrichtlijnverspreidingsoorten/wms?request=GetCapabilities, https://geodata.nationaalgeoregister.nl/vogelrichtlijnverspreidingsoorten/wms?request=GetCapabilities, https://geodata.nationaalgeoregister.nl/vogelrichtlijnverspreidingsoorten/wms?request=GetCapabilities, https://geodata.nationaalgeoregister.nl/vogelrichtlijnverspreidingsoorten/wms?request=GetCapabilities, https://geodata.nationaalgeoregister.nl/vogelrichtlijnverspreidingsoorten/wms?request=GetCapabilities, https://geodata.nationaalgeoregister.nl/vogelrichtlijnverspreidingsoorten/wms?request=GetCapabilities, https://geodata.nationaalgeoregister.nl/vogelrichtlijnverspreidingsoorten/wms?request=GetCapabilities, https://geodata.nationaalgeoregister.nl/vogelrichtlijnverspreidingsoorten/wms?request=GetCapabilities, https://geodata.nationaalgeoregister.nl/vogelrichtlijnverspreidingsoorten/wms?request=GetCapabilities, https://geodata.nationaalgeoregister.nl/vogelrichtlijnverspreidingsoorten/wms?request=GetCapabilities, https://geodata.nationaalgeoregister.nl/vogelrichtlijnverspreidingsoorten/wms?request=GetCapabilities, https://geodata.nationaalgeoregister.nl/vogelrichtlijnverspreidingsoorten/wms?request=GetCapabilities, https://geodata.nationaalgeoregister.nl/vogelrichtlijnverspreidingsoorten/wms?request=GetCapabilities, https://geodata.nationaalgeoregister.nl/vogelrichtlijnverspreidingsoorten/wms?request=GetCapabilities, https://geodata.nationaalgeoregister.nl/vogelrichtlijnverspreidingsoorten/wms?request=GetCapabilities, https://geodata.nationaalgeoregister.nl/vogelrichtlijnverspreidingsoorten/wms?request=GetCapabilities, https://geodata.nationaalgeoregister.nl/vogelrichtlijnverspreidingsoorten/wms?request=GetCapabilities, https://geodata.nationaalgeoregister.nl/vogelrichtlijnverspreidingsoorten/wms?request=GetCapabilities, https://geodata.nationaalgeoregister.nl/vogelrichtlijnverspreidingsoorten/wms?request=GetCapabilities, https://geodata.nationaalgeoregister.nl/vogelrichtlijnverspreidingsoorten/wms?request=GetCapabilities, https://geodata.nationaalgeoregister.nl/vogelrichtlijnverspreidingsoorten/wms?request=GetCapabilities, https://geodata.nationaalgeoregister.nl/vogelrichtlijnverspreidingsoorten/wms?request=GetCapabilities, https://geodata.nationaalgeoregister.nl/vogelrichtlijnverspreidingsoorten/wms?request=GetCapabilities, https://geodata.nationaalgeoregister.nl/vogelrichtlijnverspreidingsoorten/wms?request=GetCapabilities, https://geodata.nationaalgeoregister.nl/vogelrichtlijnverspreidingsoorten/wms?request=GetCapabilities, https://geodata.nationaalgeoregister.nl/vogelrichtlijnverspreidingsoorten/wms?request=GetCapabilities, https://geodata.nationaalgeoregister.nl/vogelrichtlijnverspreidingsoorten/wms?request=GetCapabilities, https://geodata.nationaalgeoregister.nl/vogelrichtlijnverspreidingsoorten/wms?request=GetCapabilities, https://geodata.nationaalgeoregister.nl/vogelrichtlijnverspreidingsoorten/wms?request=GetCapabilities, https://geodata.nationaalgeoregister.nl/vogelrichtlijnverspreidingsoorten/wms?request=GetCapabilities, https://geodata.nationaalgeoregister.nl/vogelrichtlijnverspreidingsoorten/wms?request=GetCapabilities, https://geodata.nationaalgeoregister.nl/vogelrichtlijnverspreidingsoorten/wms?request=GetCapabilities, https://geodata.nationaalgeoregister.nl/vogelrichtlijnverspreidingsoorten/wms?request=GetCapabilities, https://geodata.nationaalgeoregister.nl/vogelrichtlijnverspreidingsoorten/wms?request=GetCapabilities, https://geodata.nationaalgeoregister.nl/vogelrichtlijnverspreidingsoorten/wms?request=GetCapabilities, https://geodata.nationaalgeoregister.nl/vogelrichtlijnverspreidingsoorten/wms?request=GetCapabilities, https://geodata.nationaalgeoregister.nl/vogelrichtlijnverspreidingsoorten/wms?request=GetCapabilities, https://geodata.nationaalgeoregister.nl/vogelrichtlijnverspreidingsoorten/wms?request=GetCapabilities, https://geodata.nationaalgeoregister.nl/vogelrichtlijnverspreidingsoorten/wms?request=GetCapabilities, https://geodata.nationaalgeoregister.nl/vogelrichtlijnverspreidingsoorten/wms?request=GetCapabilities, https://geodata.nationaalgeoregister.nl/vogelrichtlijnverspreidingsoorten/wms?request=GetCapabilities, https://geodata.nationaalgeoregister.nl/vogelrichtlijnverspreidingsoorten/wms?request=GetCapabilities, https://geodata.nationaalgeoregister.nl/vogelrichtlijnverspreidingsoorten/wms?request=GetCapabilities, https://geodata.nationaalgeoregister.nl/vogelrichtlijnverspreidingsoorten/wms?request=GetCapabilities, https://geodata.nationaalgeoregister.nl/vogelrichtlijnverspreidingsoorten/wms?request=GetCapabilities, https://geodata.nationaalgeoregister.nl/vogelrichtlijnverspreidingsoorten/wms?request=GetCapabilities, https://geodata.nationaalgeoregister.nl/vogelrichtlijnverspreidingsoorten/wms?request=GetCapabilities, https://geodata.nationaalgeoregister.nl/vogelrichtlijnverspreidingsoorten/wms?request=GetCapabilities, https://geodata.nationaalgeoregister.nl/vogelrichtlijnverspreidingsoorten/wms?request=GetCapabilities, https://geodata.nationaalgeoregister.nl/vogelrichtlijnverspreidingsoorten/wms?request=GetCapabilities, https://geodata.nationaalgeoregister.nl/vogelrichtlijnverspreidingsoorten/wms?request=GetCapabilities, https://geodata.nationaalgeoregister.nl/vogelrichtlijnverspreidingsoorten/wms?request=GetCapabilities, https://geodata.nationaalgeoregister.nl/vogelrichtlijnverspreidingsoorten/wms?request=GetCapabilities, https://geodata.nationaalgeoregister.nl/vogelrichtlijnverspreidingsoorten/wms?request=GetCapabilities, https://geodata.nationaalgeoregister.nl/vogelrichtlijnverspreidingsoorten/wms?request=GetCapabilities, https://geodata.nationaalgeoregister.nl/vogelrichtlijnverspreidingsoorten/wms?request=GetCapabilities, https://geodata.nationaalgeoregister.nl/vogelrichtlijnverspreidingsoorten/wms?request=GetCapabilities, https://geodata.nationaalgeoregister.nl/vogelrichtlijnverspreidingsoorten/wms?request=GetCapabilities, https://geodata.nationaalgeoregister.nl/vogelrichtlijnverspreidingsoorten/wms?request=GetCapabilities, https://geodata.nationaalgeoregister.nl/vogelrichtlijnverspreidingsoorten/wms?request=GetCapabilities, https://geodata.nationaalgeoregister.nl/vogelrichtlijnverspreidingsoorten/wms?request=GetCapabilities, https://geodata.nationaalgeoregister.nl/vogelrichtlijnverspreidingsoorten/wms?request=GetCapabilities, https://geodata.nationaalgeoregister.nl/vogelrichtlijnverspreidingsoorten/wms?request=GetCapabilities, https://geodata.nationaalgeoregister.nl/vogelrichtlijnverspreidingsoorten/wms?request=GetCapabilities, https://geodata.nationaalgeoregister.nl/vogelrichtlijnverspreidingsoorten/wms?request=GetCapabilities, https://geodata.nationaalgeoregister.nl/vogelrichtlijnverspreidingsoorten/wms?request=GetCapabilities, https://geodata.nationaalgeoregister.nl/vogelrichtlijnverspreidingsoorten/wms?request=GetCapabilities, https://geodata.nationaalgeoregister.nl/vogelrichtlijnverspreidingsoorten/wms?request=GetCapabilities, https://geodata.nationaalgeoregister.nl/vogelrichtlijnverspreidingsoorten/wms?request=GetCapabilities, https://geodata.nationaalgeoregister.nl/vogelrichtlijnverspreidingsoorten/wms?request=GetCapabilities, https://geodata.nationaalgeoregister.nl/vogelrichtlijnverspreidingsoorten/wms?request=GetCapabilities, https://geodata.nationaalgeoregister.nl/vogelrichtlijnverspreidingsoorten/wms?request=GetCapabilities, https://geodata.nationaalgeoregister.nl/vogelrichtlijnverspreidingsoorten/wms?request=GetCapabilities, https://geodata.nationaalgeoregister.nl/vogelrichtlijnverspreidingsoorten/wms?request=GetCapabilities, https://geodata.nationaalgeoregister.nl/vogelrichtlijnverspreidingsoorten/wms?request=GetCapabilities, https://geodata.nationaalgeoregister.nl/vogelrichtlijnverspreidingsoorten/wms?request=GetCapabilities, https://geodata.nationaalgeoregister.nl/vogelrichtlijnverspreidingsoorten/wms?request=GetCapabilities]","[OGC:WMS, OGC:WMS, OGC:WMS, OGC:WMS, OGC:WMS, OGC:WMS, OGC:WMS, OGC:WMS, OGC:WMS, OGC:WMS, OGC:WMS, OGC:WMS, OGC:WMS, OGC:WMS, OGC:WMS, OGC:WMS, OGC:WMS, OGC:WMS, OGC:WMS, OGC:WMS, OGC:WMS, OGC:WMS, OGC:WMS, OGC:WMS, OGC:WMS, OGC:WMS, OGC:WMS, OGC:WMS, OGC:WMS, OGC:WMS, OGC:WMS, OGC:WMS, OGC:WMS, OGC:WMS, OGC:WMS, OGC:WMS, OGC:WMS, OGC:WMS, OGC:WMS, OGC:WMS, OGC:WMS, OGC:WMS, OGC:WMS, OGC:WMS, OGC:WMS, OGC:WMS, OGC:WMS, OGC:WMS, OGC:WMS, OGC:WMS, OGC:WMS, OGC:WMS, OGC:WMS, OGC:WMS, OGC:WMS, OGC:WMS, OGC:WMS, OGC:WMS, OGC:WMS, OGC:WMS, OGC:WMS, OGC:WMS, OGC:WMS, OGC:WMS, OGC:WMS, OGC:WMS, OGC:WMS, OGC:WMS, OGC:WMS, OGC:WMS, OGC:WMS, OGC:WMS, OGC:WMS, OGC:WMS, OGC:WMS, OGC:WMS, OGC:WMS, OGC:WMS, OGC:WMS, OGC:WMS, OGC:WMS, OGC:WMS, OGC:WMS, OGC:WMS, OGC:WMS, OGC:WMS, OGC:WMS, OGC:WMS, OGC:WMS, OGC:WMS, OGC:WMS, OGC:WMS, OGC:WMS, OGC:WMS, OGC:WMS, OGC:WMS, OGC:WMS, OGC:WMS, OGC:WMS, OGC:WMS, OGC:WMS, OGC:WMS, OGC:WMS, OGC:WMS, OGC:WMS, OGC:WMS, OGC:WMS, OGC:WMS, OGC:WMS, OGC:WMS, OGC:WMS, OGC:WMS, OGC:WMS, OGC:WMS, OGC:WMS, OGC:WMS, OGC:WMS, OGC:WMS, OGC:WMS, OGC:WMS, OGC:WMS, OGC:WMS, OGC:WMS, OGC:WMS, OGC:WMS, OGC:WMS, OGC:WMS, OGC:WMS, OGC:WMS, OGC:WMS, OGC:WMS, OGC:WMS, OGC:WMS, OGC:WMS, OGC:WMS, OGC:WMS, OGC:WMS, OGC:WMS, OGC:WMS, OGC:WMS, OGC:WMS, OGC:WMS, OGC:WMS, OGC:WMS, OGC:WMS, OGC:WMS, OGC:WMS, OGC:WMS, OGC:WMS, OGC:WMS, OGC:WMS, OGC:WMS, OGC:WMS, OGC:WMS, OGC:WMS, OGC:WMS, OGC:WMS, OGC:WMS, OGC:WMS, OGC:WMS, OGC:WMS, OGC:WMS, OGC:WMS, OGC:WMS, OGC:WMS, OGC:WMS, OGC:WMS, OGC:WMS, OGC:WMS, OGC:WMS, OGC:WMS, OGC:WMS, OGC:WMS, OGC:WMS, OGC:WMS, OGC:WMS, OGC:WMS, OGC:WMS, OGC:WMS, OGC:WMS, OGC:WMS, OGC:WMS, OGC:WMS, OGC:WMS]","Beheer PDOK","[beheerPDOK@kadaster.nl, beheerPDOK@kadaster.nl]","Nederlands metadata profiel op ISO 19119 voor services 2.0","http://nationaalgeoregister.nl/geonetwork/srv/dut/csw?service=CSW&version=2.0.2&request=GetRecordById&outputschema=http://www.isotc211.org/2005/gmd&elementsetname=full&id=fcefa13c-44e2-4953-b6d6-1ddceebc57fc#MD_DataIdentification","fcefa13c-44e2-4953-b6d6-1ddceebc57fc","view"
"b5ee6914-04bd-4c7e-a180-242371ae40d9","INSPIRE download service RIVM","https://inspire.rivm.nl/atom/index.xml","INSPIRE Atom","no organisationName found in dataset record","[geodata@rivm.nl, geodata@rivm.nl]","Nederlands metadata profiel op ISO 19119 voor services 2.0","[https://www.nationaalgeoregister.nl:443/geonetwork/srv/dut/csw?service=CSW&request=GetRecordById&version=2.0.2&outputSchema=http://www.isotc211.org/2005/gmd&elementSetName=full&id=50a2c5e6-c8e7-425d-854e-26f578196bc9#MD_DataIdentification, https://www.nationaalgeoregister.nl:443/geonetwork/srv/dut/csw?service=CSW&request=GetRecordById&version=2.0.2&outputSchema=http://www.isotc211.org/2005/gmd&elementSetName=full&id=08b27bf0-e34a-4b30-9eac-5edadfb6a288#MD_DataIdentification, https://www.nationaalgeoregister.nl:443/geonetwork/srv/dut/csw?service=CSW&request=GetRecordById&version=2.0.2&outputSchema=http://www.isotc211.org/2005/gmd&elementSetName=full&id=8b0b02a0-1e1b-4cda-bcfe-6fa0f738e38f#MD_DataIdentification, https://www.nationaalgeoregister.nl:443/geonetwork/srv/dut/csw?service=CSW&request=GetRecordById&version=2.0.2&outputSchema=http://www.isotc211.org/2005/gmd&elementSetName=full&id=f2f86edf-ac3a-48e8-9292-0544da2d7645#MD_DataIdentification, https://www.nationaalgeoregister.nl:443/geonetwork/srv/dut/csw?service=CSW&request=GetRecordById&version=2.0.2&outputSchema=http://www.isotc211.org/2005/gmd&elementSetName=full&id=ad6caa40-89ab-47e3-85ab-3f8e32024a71#MD_DataIdentification, https://www.nationaalgeoregister.nl:443/geonetwork/srv/dut/csw?service=CSW&request=GetRecordById&version=2.0.2&outputSchema=http://www.isotc211.org/2005/gmd&elementSetName=full&id=f8d840bc-18df-4449-b797-b9adcb81d3ec#MD_DataIdentification, https://www.nationaalgeoregister.nl:443/geonetwork/srv/dut/csw?service=CSW&request=GetRecordById&version=2.0.2&outputSchema=http://www.isotc211.org/2005/gmd&elementSetName=full&id=d3c9efd6-fca7-49d6-92bb-5f507abece90#MD_DataIdentification, https://www.nationaalgeoregister.nl:443/geonetwork/srv/dut/csw?service=CSW&request=GetRecordById&version=2.0.2&outputSchema=http://www.isotc211.org/2005/gmd&elementSetName=full&id=32a21114-8694-40ce-ab76-9dcd885c7861#MD_DataIdentification, https://www.nationaalgeoregister.nl:443/geonetwork/srv/dut/csw?service=CSW&request=GetRecordById&version=2.0.2&outputSchema=http://www.isotc211.org/2005/gmd&elementSetName=full&id=d24ccb35-e9d2-41bf-b231-43083fc0c76d#MD_DataIdentification, https://www.nationaalgeoregister.nl:443/geonetwork/srv/dut/csw?service=CSW&request=GetRecordById&version=2.0.2&outputSchema=http://www.isotc211.org/2005/gmd&elementSetName=full&id=36a7e8cb-8300-4602-93d2-135943365a6f#MD_DataIdentification, https://www.nationaalgeoregister.nl:443/geonetwork/srv/dut/csw?service=CSW&request=GetRecordById&version=2.0.2&outputSchema=http://www.isotc211.org/2005/gmd&elementSetName=full&id=b3f66964-a8c1-456f-9799-9cafca2cb7b1#MD_DataIdentification, https://www.nationaalgeoregister.nl:443/geonetwork/srv/dut/csw?service=CSW&request=GetRecordById&version=2.0.2&outputSchema=http://www.isotc211.org/2005/gmd&elementSetName=full&id=e1e99000-ec47-4e9f-84a5-adad24fef0dc#MD_DataIdentification, https://www.nationaalgeoregister.nl:443/geonetwork/srv/dut/csw?service=CSW&request=GetRecordById&version=2.0.2&outputSchema=http://www.isotc211.org/2005/gmd&elementSetName=full&id=8a4f5c3b-aced-48fd-afb5-f1f1d0ef21d6#MD_DataIdentification, https://www.nationaalgeoregister.nl:443/geonetwork/srv/dut/csw?service=CSW&request=GetRecordById&version=2.0.2&outputSchema=http://www.isotc211.org/2005/gmd&elementSetName=full&id=d9baa847-4652-4588-abe1-0b050f40f27f#MD_DataIdentification, https://www.nationaalgeoregister.nl:443/geonetwork/srv/dut/csw?service=CSW&request=GetRecordById&version=2.0.2&outputSchema=http://www.isotc211.org/2005/gmd&elementSetName=full&id=2cc2c30c-91b8-412a-a060-e84d25272581#MD_DataIdentification]","50a2c5e6-c8e7-425d-854e-26f578196bc9","download"
"2dd6c9df-bb47-40eb-af39-2d17f09b9bb9","Oppervlaktegeologie, Geologische kaart onder INSPIRE, viewservice","https://www.broinspireservices.nl/wms/osgegsm-a-v1.0?request=GetCapabilities","OGC:WMS","TNO Geologische Dienst Nederland","[info@dinoloket.nl, info@dinoloket.nl]","Nederlands metadata profiel op ISO 19119 voor services 2.0","http://nationaalgeoregister.nl/geonetwork/srv/dut/inspire?SERVICE=CSW&version=2.0.2&REQUEST=GetRecordById&ID=80630ee7-3a15-4ea0-bdc0-a8aebfa2f204&OUTPUTSCHEMA=http://www.isotc211.org/2005/gmd&ELEMENTSETNAME=full#MD_DataIdentification","tp://nationaalgeoregister.nl/geonetwork/srv/dut/inspire?SERVICE=CSW&version=2.0.2&REQUEST=GetRecordById&ID=80630ee7-3a15-4ea0-bdc0-a8aebfa2f204&OUTPUTSCHEMA=http://www.isotc211.org/2005/gmd&ELEMENTSETNAME=full","view"
"dd49e02c-ea87-4ffc-89dd-f888608d95b7","Nationale Parken WMS","https://geodata.nationaalgeoregister.nl/nationaleparken/wms?request=GetCapabilities&service=wms","OGC:WMS","Beheer PDOK","[beheerPDOK@kadaster.nl, beheerPDOK@kadaster.nl]","Nederlands metadata profiel op ISO 19119 voor services 1.2","http://nationaalgeoregister.nl/geonetwork/srv/en/csw?service=CSW&version=2.0.2&request=GetRecordById&outputSchema=http://www.isotc211.org/2005/gmd&elementSetName=full&id=4961d305-fbb5-426a-9ba3-53e1ca5f3b18","4961d305-fbb5-426a-9ba3-53e1ca5f3b18","view"
"65f9628b-0a58-4348-8fff-c2d02788acdb","Vervoersnetwerken - spoorwegen (INSPIRE geharmoniseerd) WMS","[https://geodata.nationaalgeoregister.nl/inspire/tn-ra/wms?request=GetCapabilities, https://geodata.nationaalgeoregister.nl/inspire/tn-ra/wms?request=GetCapabilities, https://geodata.nationaalgeoregister.nl/inspire/tn-ra/wms?request=GetCapabilities, https://geodata.nationaalgeoregister.nl/inspire/tn-ra/wms?request=GetCapabilities]","[OGC:WMS, OGC:WMS, OGC:WMS, OGC:WMS]","Beheer PDOK","[beheerPDOK@kadaster.nl, beheerPDOK@kadaster.nl]","Nederlands metadata profiel op ISO 19119 voor services 2.0","http://nationaalgeoregister.nl/geonetwork/srv/dut/csw?service=CSW&version=2.0.2&request=GetRecordById&outputschema=http://www.isotc211.org/2005/gmd&elementsetname=full&id=3a7dd0a6-d130-4c4c-b0ba-24365cf036e2#MD_DataIdentification","3a7dd0a6-d130-4c4c-b0ba-24365cf036e2","view"
"918388cf-9d8c-4264-b108-3e375bde0d52","Noordzee Vaarwegmarkeringen WMS","[https://geodata.nationaalgeoregister.nl/noordzeevaarwegmarkeringenrd/wms?request=GetCapabilities, https://geodata.nationaalgeoregister.nl/noordzeevaarwegmarkeringenrd/wms?request=GetCapabilities]","[OGC:WMS, OGC:WMS]","Beheer PDOK","[beheerPDOK@kadaster.nl, beheerPDOK@kadaster.nl]","Nederlands metadata profiel op ISO 19119 voor services 2.0","[http://nationaalgeoregister.nl/geonetwork/srv/dut/csw?service=CSW&version=2.0.2&request=GetRecordById&outputschema=http://www.isotc211.org/2005/gmd&elementsetname=full&id=be1b1514-8d1f-48e1-9624-fee9b784138b#MD_DataIdentification, http://nationaalgeoregister.nl/geonetwork/srv/dut/csw?service=CSW&version=2.0.2&request=GetRecordById&outputschema=http://www.isotc211.org/2005/gmd&elementsetname=full&id=db60a314-5583-437d-a2ff-1e59cc57704e#MD_DataIdentification]","be1b1514-8d1f-48e1-9624-fee9b784138b","view"
"e5ef707f-6458-4567-8d2c-d24fe88ab5e9","zoutvelden en zoutproductieputten onder INSPIRE, viewservice","https://www.broinspireservices.nl/wms/osmrspd-a-v1.0?request=GetCapabilities","OGC:WMS","TNO Geologische Dienst Nederland","[info@dinoloket.nl, info@dinoloket.nl]","Nederlands metadata profiel op ISO 19119 voor services 2.0","http://nationaalgeoregister.nl/geonetwork/srv/dut/inspire?SERVICE=CSW&version=2.0.2&REQUEST=GetRecordById&ID=e3b0da1e-0664-4025-b3f5-a54d74a26450&OUTPUTSCHEMA=http://www.isotc211.org/2005/gmd&ELEMENTSETNAME=full#MD_DataIdentification","tp://nationaalgeoregister.nl/geonetwork/srv/dut/inspire?SERVICE=CSW&version=2.0.2&REQUEST=GetRecordById&ID=e3b0da1e-0664-4025-b3f5-a54d74a26450&OUTPUTSCHEMA=http://www.isotc211.org/2005/gmd&ELEMENTSETNAME=full","view"
