"datasetIdentifierCode","title","MD_DataIdentificationCitationAnchor","organisation","electronicMailAddress","metadataStandardVersion"
"f273941e-9c3b-43bc-b886-2d50d0bf9348","Habitatrichtlijn verspreidingsgebied van soorten","https://www.nationaalgeoregister.nl/geonetwork/srv/dut/catalog.search#/metadata/f273941e-9c3b-43bc-b886-2d50d0bf9348","Ministerie van Economische Zaken - GIS Competence Center","[geodatabeheer.giscc@rvo.nl, GeoDesk.CGI@wur.nl, geodatabeheer.giscc@rvo.nl, beheerPDOK@kadaster.nl, , , ]","Nederlandse metadata profiel op ISO 19115 voor geografie 2.0"
"9dd9bf30-36e6-45ae-b368-bdef2720bdde","Bodemkundig boormonsterprofiel onder INSPIRE","https://nationaalgeoregister.nl/geonetwork/srv/resourcese26eb6c9-c441-43e8-8db6-aabbf11578fd","TNO Geologische Dienst Nederland","[info@dinoloket.nl, geodesk.cgi@wur.nl, info@dinoloket.nl]","Nederlandse metadata profiel op ISO 19115 voor geografie 2.0"
"6050578f-0010-4bfa-b013-c8617b80ba62","Grondwatersamenstellinggegevens KRW meetronde 2012 onder INSPIRE","https://nationaalgeoregister.nl/geonetwork/srv/resources7d716522-fa1a-43b4-99c0-3a3480f9e218","TNO Geologische Dienst Nederland","[info@dinoloket.nl, info@dinoloket.nl, info@dinoloket.nl]","Nederlandse metadata profiel op ISO 19115 voor geografie 2.0"
"cf69ec50-9849-4afd-853c-ee56211d336d","Waterstanden en afvoeren actueel - Rijkswaterstaat","https://www.nationaalgeoregister.nl/geonetwork/srv/dut/catalog.search#/metadata/cf69ec50-9849-4afd-853c-ee56211d336d","Rijkswaterstaat","[servicedesk-data@rijkswaterstaat.nl, servicedesk-data@rijkswaterstaat.nl, , servicedesk-data@rijkswaterstaat.nl, servicedesk-data@rijkswaterstaat.nl]","Nederlands metadata profiel op ISO 19115 voor geografie 2.1.0"
"9b583730-e750-485a-9c0c-39bf9be72cf8","Geluidbelasting rijkswegen in Nederland 2016 (24-uurs gemiddelde)","https://www.nationaalgeoregister.nl/geonetwork/srv/dut/catalog.search#/metadata/9b583730-e750-485a-9c0c-39bf9be72cf8","Rijkswaterstaat","[servicedesk-data@rijkswaterstaat.nl, servicedesk-data@rijkswaterstaat.nl, , servicedesk-data@rijkswaterstaat.nl, servicedesk-data@rijkswaterstaat.nl]","Nederlands metadata profiel op ISO 19115 voor geografie 2.1.0"
"25294679-adb9-4c39-a93b-6954ff9414ac","Waterstanden en afvoeren verwacht - Rijkswaterstaat","https://www.nationaalgeoregister.nl/geonetwork/srv/dut/catalog.search#/metadata/25294679-adb9-4c39-a93b-6954ff9414ac","Rijkswaterstaat","[servicedesk-data@rijkswaterstaat.nl, servicedesk-data@rijkswaterstaat.nl, , servicedesk-data@rijkswaterstaat.nl, servicedesk-data@rijkswaterstaat.nl]","Nederlands metadata profiel op ISO 19115 voor geografie 2.1.0"
"f99e915a-75e5-4c36-97f2-61eff692d85b","Grondwateronderzoek onder INSPIRE","https://nationaalgeoregister.nl/geonetwork/srv/resources7e290e63-f991-4cc3-beff-1ff08ce2be77","TNO Geologische Dienst Nederland","[info@dinoloket.nl, info@dinoloket.nl, info@dinoloket.nl]","Nederlandse metadata profiel op ISO 19115 voor geografie 2.0"
"eu-f297898-2640-44c2-bbe9-c0480da83794","Hydrografie - Netwerk (INSPIRE geharmoniseerd) - WT","https://www.nationaalgeoregister.nl/geonetwork/srv/dut/catalog.search#/metadata/eu-f297898-2640-44c2-bbe9-c0480da83794","Rijkswaterstaat","[servicedesk-data@rijkswaterstaat.nl, servicedesk-data@rijkswaterstaat.nl, , servicedesk-data@rijkswaterstaat.nl, info@wetransform.to]","Nederlands metadata profiel op ISO 19115 voor geografie 2.1.0"
"50eef6be-619d-4e16-9b92-48971109b636","Geluidbelasting rijkswegen in Nederland 2011 (nacht gemiddelde)","https://www.nationaalgeoregister.nl/geonetwork/srv/dut/catalog.search#/metadata/50eef6be-619d-4e16-9b92-48971109b636","Rijkswaterstaat","[servicedesk-data@rijkswaterstaat.nl, servicedesk-data@rijkswaterstaat.nl, , servicedesk-data@rijkswaterstaat.nl, servicedesk-data@rijkswaterstaat.nl]","Nederlands metadata profiel op ISO 19115 voor geografie 2.1.0"
"f8d840bc-18df-4449-b797-b9adcb81d3ec","Emissies naar lucht en water in 2015 vanuit de industrie","https://data.rivm.nl/inspire/id#c6d62f69-7be0-4c19-a4af-d146c6a3c166","no organisationName found in dataset record","[emissieregistratie@rivm.nl, , emissieregistratie@rivm.nl]","Nederlands metadata profiel op ISO 19115 voor geografie 2.0"
"adn73c4a-ef03-4785-b7f6-942e86b385f7","Bathymetrie Nederland - binnenwateren","https://www.nationaalgeoregister.nl/geonetwork/srv/dut/catalog.search#/metadata/adn73c4a-ef03-4785-b7f6-942e86b385f7","Rijkswaterstaat","[servicedesk-data@rijkswaterstaat.nl, servicedesk-data@rijkswaterstaat.nl, , servicedesk-data@rijkswaterstaat.nl, servicedesk-data@rijkswaterstaat.nl]","Nederlands metadata profiel op ISO 19115 voor geografie 2.1.0"
"50a2c5e6-c8e7-425d-854e-26f578196bc9","Afgevoerde hoeveelheid afval in 2011 vanuit de industrie","https://data.rivm.nl/inspire/id#90bab79d-5f92-4aaa-8edc-99195438ef65","no organisationName found in dataset record","[emissieregistratie@rivm.nl, , emissieregistratie@rivm.nl]","Nederlands metadata profiel op ISO 19115 voor geografie 2.0"
"b3f66964-a8c1-456f-9799-9cafca2cb7b1","Monitoring stations (Nitraatrichtlijn) ondiepe filters","https://data.rivm.nl/inspire/id#7247293d-2113-44d8-b335-8167b2ec4d1b","no organisationName found in dataset record","[geodata@rivm.nl, , geodata@rivm.nl]","Nederlands metadata profiel op ISO 19115 voor geografie 2.0"
"8de2f5eb-b09f-4f6d-8397-8878a1b86238","Geluidbelasting rijkswegen in Nederland 2011 (24-uurs gemiddelde)","https://www.nationaalgeoregister.nl/geonetwork/srv/dut/catalog.search#/metadata/8de2f5eb-b09f-4f6d-8397-8878a1b86238","Rijkswaterstaat","[servicedesk-data@rijkswaterstaat.nl, servicedesk-data@rijkswaterstaat.nl, , servicedesk-data@rijkswaterstaat.nl, servicedesk-data@rijkswaterstaat.nl]","Nederlands metadata profiel op ISO 19115 voor geografie 2.1.0"
"844404a2-9cd0-452e-b29a-74588777485a","Geluidkaart hoofdspoornet 2011 (Lden)","https://www.nationaalgeoregister.nl/geonetwork/srv/api/records844404a2-9cd0-452e-b29a-74588777485a","Ministerie van IenW","[sylvia.koolmees@minienw.nl, sylvia.koolmees@minienw.nl]","Nederlands metadata profiel op ISO 19115 voor geografie 2.0"
"9b583730-e750-485a-9c0c-39bf9be72cf9","Geluidbelasting rijkswegen in Nederland 2006 (24-uurs gemiddelde)","https://www.nationaalgeoregister.nl/geonetwork/srv/dut/catalog.search#/metadata/9b583730-e750-485a-9c0c-39bf9be72cf9","Rijkswaterstaat","[servicedesk-data@rijkswaterstaat.nl, servicedesk-data@rijkswaterstaat.nl, , servicedesk-data@rijkswaterstaat.nl, servicedesk-data@rijkswaterstaat.nl]","Nederlands metadata profiel op ISO 19115 voor geografie 2.1.0"
"380aa01e-dce7-11e3-9f07-901b0e19e163","Netwerk van KNMI waarneemstations","https://www.nationaalgeoregister.nl/geonetwork/srv/api/records6c6be9c5-b09b-4dcf-a5fd-f149cbaca6fb","Koninklijk Nederlands Meteorologisch Instituut (KNMI)","[datacentrum@knmi.nl, datacentrum@knmi.nl, datacentrum@knmi.nl]","Nederlands metadata profiel op ISO 19115 voor geografie 2.0"
"8a4f5c3b-aced-48fd-afb5-f1f1d0ef21d6","Omgevingsdosisequivalenttempo Nationaal Meetnet Radioactiviteit 2011","https://data.rivm.nl/inspire/id#722e3937-3e53-4048-97ef-1ced2c77f7dd","no organisationName found in dataset record","[geodata@rivm.nl, , geodata@rivm.nl]","Nederlands metadata profiel op ISO 19115 voor geografie 2.0"
"3a72b9a4-cda9-11ea-87d0-0242ac130003","Grondwater Monitoring Net","https://nationaalgeoregister.nl/geonetwork/srv/resourcesff07bd5a-d6eb-11ea-87d0-0242ac130003","TNO Geologische Dienst Nederland","[info@bro.nl, Info@bro.nl, info@dinoloket.nl]","Nederlandse metadata profiel op ISO 19115 voor geografie 2.0"
"32a21114-8694-40ce-ab76-9dcd885c7861","Kwaliteit van drinkwater in Nederland (2012)","https://data.rivm.nl/inspire/id#a98a6cdb-61cd-4107-b775-2334e6772ed5","RIVM","[geodata@rivm.nl, , geodata@rivm.nl]","Nederlands metadata profiel op ISO 19115 voor geografie 2.0"
"e1e99000-ec47-4e9f-84a5-adad24fef0dc","Natuurlijke alfa activiteitsconcentratie in lucht Nationaal Meetnet Radioactiviteit 2011","https://data.rivm.nl/inspire/id#10fcd5a9-3804-48e3-bcbd-d816594dbb6f","no organisationName found in dataset record","[geodata@rivm.nl, , geodata@rivm.nl]","Nederlands metadata profiel op ISO 19115 voor geografie 2.0"
"e3b0da1e-0664-4025-b3f5-a54d74a26450","Zoutvelden en zoutproductieputten onder INSPIRE","https://www.nationaalgeoregister.nl/geonetwork/srv/dut/xml.metadata.get?uuid=e3b0da1e-0664-4025-b3f5-a54d74a26450","TNO Geologische Dienst Nederland","[info@dinoloket.nl, info@dinoloket.nl, info@dinoloket.nl]","Nederlands metadata profiel op ISO 19115 voor geografie 2.1.0"
"3e57ce43-7707-43ed-a4b9-72b3a6d812f8","Geluidkaart hoofdspoornet 2011 (Lnight)","https://www.nationaalgeoregister.nl/geonetwork/srv/api/records3e57ce43-7707-43ed-a4b9-72b3a6d812f8","Ministerie van IenW","[sylvia.koolmees@minienw.nl, sylvia.koolmees@minienw.nl]","Nederlands metadata profiel op ISO 19115 voor geografie 2.0"
"tbjk534p-wubf-crbp-cj25-d4161160gfim","Kaderrichtlijn Mariene Strategie - Bevroren monitoringsdata","https://www.nationaalgeoregister.nl/geonetwork/srv/dut/catalog.search#/metadata/tbjk534p-wubf-crbp-cj25-d4161160gfim","Rijkswaterstaat","[servicedesk-data@rijkswaterstaat.nl, servicedesk-data@rijkswaterstaat.nl, , servicedesk-data@rijkswaterstaat.nl, servicedesk-data@rijkswaterstaat.nl]","Nederlands metadata profiel op ISO 19115 voor geografie 2.1.0"
"fe45c540-e37d-11e4-b571-0800200c9a66","Zwemwaterlocaties en zwemwaterkwaliteit - monsterpunten","no MD_DataIdentificationCitationAnchor","Interprovinciaal Overleg","[inspire@gbo-provincies.nl, inspire@gbo-provincies.nl, inspire@gbo-provincies.nl]","Nederlandse metadata profiel op ISO 19115 voor geografie 1.3"
"588a4cb1-b442-4ac1-87e4-40401e353166","Jaarcijfers Landelijk Meetnet Luchtkwaliteit 2012","https://data.rivm.nl/inspire/id#b5ccab29-e2cc-4178-9f81-40c50e909754","no organisationName found in dataset record","[geodata@rivm.nl, , geodata@rivm.nl]","Nederlands metadata profiel op ISO 19115 voor geografie 2.0"
"eu-cb527d-f6db-4835-b0cd-deb245241254","Vervoersnetwerken - Wegen (INSPIRE geharmoniseerd) - RWS","https://www.nationaalgeoregister.nl/geonetwork/srv/dut/catalog.search#/metadata/eu-cb527d-f6db-4835-b0cd-deb245241254","Rijkswaterstaat","[servicedesk-data@rijkswaterstaat.nl, servicedesk-data@rijkswaterstaat.nl, , beheerPDOK@kadaster.nl, servicedesk-data@rijkswaterstaat.nl]","Nederlands metadata profiel op ISO 19115 voor geografie 2.1.0"
"2cc2c30c-91b8-412a-a060-e84d25272581","Zones en agglomeraties (Richtlijn Luchtkwaliteit) 2013","https://data.rivm.nl/inspire/id#5cb4b489-67c8-44bc-85c5-424a80a53b3b","no organisationName found in dataset record","[geodata@rivm.nl, , geodata@rivm.nl]","Nederlands metadata profiel op ISO 19115 voor geografie 2.0"
"a322184d-6285-4856-bb78-f450b30ffc0e","Bathymetrie Nederlands deel van de Noordzee dieper dan 10 m LAT","https://ngr.acceptatie.nationaalgeoregister.nl/geonetwork/srv/resourcesa322184d-6285-4856-bb78-f450b30ffc0e","no organisationName found in dataset record","[data@hydro.nl, data@hydro.nl, data@hydro.nl, , ]","Nederlands metadata profiel op ISO 19115 voor geografie 2.1.0"
"58e7dc38-a498-4852-b4ef-908f5baa9056","Begrenzingen van vergunde ontgrondingsgebieden voor zand- en grindwinning","http://nationaalgeoregister.nl/geonetwork/srv/dut/csw?SERVICE=CSW&version=2.0.2&REQUEST=GetRecordById&elementSetName=full&OutputSchema=http://www.isotc211.org/2005/gmd&ID=58e7dc38-a498-4852-b4ef-908f5baa9056","Interprovinciaal Overleg","[inspire@gbo-provincies.nl, inspire@gbo-provincies.nl, inspire@gbo-provincies.nl]","Nederlands metadata profiel op ISO 19115 voor geografie 2.0"
"b646c62e-f763-4b96-8b87-009abc0102f8","Nutsdiensten en overheidsdiensten","https://www.nationaalgeoregister.nl/geonetwork/srv/api/recordsb646c62e-f763-4b96-8b87-009abc0102f8","Kadaster","[klic@kadaster.nl, klic@kadaster.nl]","Nederlands metadata profiel op ISO 19115 voor geografie 2.1.0"
"a7fb2234-f7b4-4a03-b282-f10947f42fb1","Kaart van de bodemopbouw in Nederland 1:50.000 onder INSPIRE","https://ngr.acceptatie.nationaalgeoregister.nl/geonetwork/srv/resourcesbbe3c19d-12b0-4912-a6f4-46eb189e85ac","TNO Geologische Dienst Nederland","[info@dinoloket.nl, geodesk.cgi@wur.nl, info@dinoloket.nl]","Nederlandse metadata profiel op ISO 19115 voor geografie 2.0"
"af0c582f-9e6b-46e6-865a-fc3a2d5289b9","Bodemgebruik","http://kadaster/06b6c650-cdb1-11dd-ad8b-0800200c9a78","Kadaster","[PPB-GVA@kadaster.nl, kcc@kadaster.nl, kcc@kadaster.nl]","Nederlands metadata profiel op ISO 19115 voor geografie 2.0"
"d9baa847-4652-4588-abe1-0b050f40f27f","Ziekenhuizen in Nederland (september 2013)","https://data.rivm.nl/inspire/id#1e3a98db-5d5e-4e61-8b64-1d132ddb439e","no organisationName found in dataset record","[atlas@rivm.nl, , geodata@rivm.nl]","Nederlands metadata profiel op ISO 19115 voor geografie 2.0"
"f1859b4d-93be-4fc8-9e91-0ecc2fa0f3b3","Wijk- en Buurtkaart 2020 versie 1","https://www.cbs.nl/nl-nl/dossier/nederland-regionaal/geografische-data/wijk-en-buurtkaart-2019","Centraal Bureau voor de Statistiek","[infoservice@cbs.nl, infoservice@cbs.nl, infoservice@cbs.nl, , ]","Nederlands metadata profiel op ISO 19115 voor geografie 2.1.0"
"dc5b522e-3e14-4738-9e8e-2401e1b19ef2","Potentieel koude en warmte uit open en gesloten WKO systemen (GJ/ha.jaar)","https://nationaalgeoregister.nl/geonetwork/srv/dut/catalog.search#/metadata/dc5b522e-3e14-4738-9e8e-2401e1b19ef2","Ministerie van Economische Zaken - GIS Competence Center","[geodatabeheer.giscc@rvo.nl, geodatabeheer.giscc@rvo.nl, geodatabeheer.giscc@rvo.nl]","Nederlands metadata profiel op ISO 19115 voor geografie 2.0"
"a04afee4-47d5-45b7-b7a0-a6f86106af11","Mosselzaadinvanginstallaties","http://www.nationaalgeoregister.nl/geonetwork/srv/dut/catalog.search#/metadata/a04afee4-47d5-45b7-b7a0-a6f86106af11","no organisationName found in dataset record","[geodatabeheer.giscc@rvo.nl, VR@minez.nl, geodatabeheer.giscc@rvo.nl, beheer@pdok.nl]","Nederlandse metadata profiel op ISO 19115 voor geografie 2.0"
"be1b1514-8d1f-48e1-9624-fee9b784138b","Vaarwegmarkeringen Nederland","https://www.nationaalgeoregister.nl/geonetwork/srv/dut/catalog.search#/metadata/be1b1514-8d1f-48e1-9624-fee9b784138b","Rijkswaterstaat","[servicedesk-data@rijkswaterstaat.nl, servicedesk-data@rijkswaterstaat.nl, , servicedesk-data@rijkswaterstaat.nl, servicedesk-data@rijkswaterstaat.nl]","Nederlands metadata profiel op ISO 19115 voor geografie 2.1.0"
"d6b85d84-cdb9-4a6e-b799-cf8826e22a94","Ligging industrie en CO2 emissies","https://www.nationaalgeoregister.nl/geonetwork/srv/dut/catalog.search#/metadata/d6b85d84-cdb9-4a6e-b799-cf8826e22a94","Ministerie van Economische Zaken - GIS Competence Center","[geodatabeheer.giscc@rvo.nl, geodatabeheer.giscc@rvo.nl]","Nederlands metadata profiel op ISO 19115 voor geografie 2.0"
"fcefa13c-44e2-4953-b6d6-1ddceebc57fc","Vogelrichtlijn verspreiding van soorten","https://www.nationaalgeoregister.nl/geonetwork/srv/dut/catalog.search#/metadata/fcefa13c-44e2-4953-b6d6-1ddceebc57fc","Ministerie van Economische Zaken - GIS Competence Center","[geodatabeheer.giscc@rvo.nl, GeoDesk.CGI@wur.nl, geodatabeheer.giscc@rvo.nl, beheerPDOK@kadaster.nl, ]","Nederlandse metadata profiel op ISO 19115 voor geografie 1.3"
"cbeaebc3-815a-48af-a978-0e16892865fc","Vogelrichtlijn verspreidingsgebied van soorten","https://www.nationaalgeoregister.nl/geonetwork/srv/dut/catalog.search#/metadata/cbeaebc3-815a-48af-a978-0e16892865fc","Ministerie van Economische Zaken - GIS Competence Center","[geodatabeheer.giscc@rvo.nl, GeoDesk.CGI@wur.nl, geodatabeheer.giscc@rvo.nl, beheerPDOK@kadaster.nl, ]","Nederlandse metadata profiel op ISO 19115 voor geografie 1.3"
"5996e444-f7f3-40d2-b485-8b9af6e8aa89","Scheepvaart verkeersscheidingsstelsel Noordzee (Nederlands Continentaal Plat)","https://www.nationaalgeoregister.nl/geonetwork/srv/dut/catalog.search#/metadata/5996e444-f7f3-40d2-b485-8b9af6e8aa89","Rijkswaterstaat","[servicedesk-data@rijkswaterstaat.nl, servicedesk-data@rijkswaterstaat.nl, , servicedesk-data@rijkswaterstaat.nl, servicedesk-data@rijkswaterstaat.nl]","Nederlands metadata profiel op ISO 19115 voor geografie 2.1.0"
"29c17585-e702-463f-a5dc-99d34b17d333","RDinfo","http://kadaster/06b6c650-cdb1-11dd-ad8b-0800200c9a81","Kadaster","[PPB-GVA@kadaster.nl, kcc@kadaster.nl, rd@kadaster.nl]","Nederlands metadata profiel op ISO 19115 voor geografie 2.0"
"6c06740d-058f-4a12-bb3f-bf68efd03d09","Vervoersnetwerken - Kabelbanen (INSPIRE geharmoniseerd)","http://kadaster/ed4caa3b-a49e-4a9a-8206-50a3cf451b9a","Kadaster","[PPB-GVA@kadaster.nl, kcc@kadaster.nl]","Nederlands metadata profiel op ISO 19115 voor geografie 2.0"
"8f45b8ef-0ce8-463a-9059-5efdcecb785c","Vervoersnetwerken - Wegen (INSPIRE geharmoniseerd)","http://kadaster/df1a98c0-58ba-48ff-8825-b4fb6322c586","Kadaster","[PPB-GVA@kadaster.nl, kcc@kadaster.nl]","Nederlands metadata profiel op ISO 19115 voor geografie 2.0"
"3a7dd0a6-d130-4c4c-b0ba-24365cf036e2","Vervoersnetwerken - Spoorwegen (INSPIRE geharmoniseerd)","http://kadaster/cb4edbd2-2dca-4d44-92bb-b2202048b526","Kadaster","[PPB-GVA@kadaster.nl, kcc@kadaster.nl]","Nederlands metadata profiel op ISO 19115 voor geografie 2.1.0"
"db8d613f-5edc-4467-9cc0-e2dcfb9d64a8","Statistical Units Grid","https://geodata.nationaalgeoregister.nl/inspire/su-grid/wfs","Statistics Netherlands","[infoservice@cbs.nl, infoservice@cbs.nl, infoservice@cbs.nl, , ]","Nederlands metadata profiel op ISO 19115 voor geografie 2.1.0"
"791adbe3-772f-42cb-a3be-5a617bcecef0","Zeegebieden (INSPIRE geharmoniseerd)","http://kadaster/9778afe6-2152-4a8f-ba32-9697625401e3","Kadaster","[PPB-GVA@kadaster.nl, kcc@kadaster.nl]","Nederlands metadata profiel op ISO 19115 voor geografie 2.0"
"58d39928-f502-48c9-a8c1-03244dc181bf","Geluidkaart Schiphol 2016 (Lnight)","https://www.nationaalgeoregister.nl/geonetwork/srv/api/records58d39928-f502-48c9-a8c1-03244dc181bf","Ministerie van IenW","[sylvia.koolmees@minienw.nl, sylvia.koolmees@minienw.nl]","Nederlands metadata profiel op ISO 19115 voor geografie 2.0"
"002d9127-c16d-4b8d-9f5e-102a8c8e36c4","Geluidkaart hoofdspoornet 2016 (Lnight)","https://www.nationaalgeoregister.nl/geonetwork/srv/api/records/002d9127-c16d-4b8d-9f5e-102a8c8e36c4","Ministerie van IenW","[sylvia.koolmees@minienw.nl, sylvia.koolmees@minienw.nl]","Nederlands metadata profiel op ISO 19115 voor geografie 2.0"
"03671a9e-6aaf-464d-be99-9aad25cef9e3","Habitatrichtlijn verspreidingsgebied van habitattypen","https://ngr.acceptatie.nationaalgeoregister.nl/geonetwork/srv/resources03671a9e-6aaf-464d-be99-9aad25cef9e3","Ministerie van Economische Zaken - GIS Competence Center","[geodatabeheer.giscc@rvo.nl, , GeoDesk.CGI@wur.nl, geodatabeheer.giscc@rvo.nl, beheerPDOK@kadaster.nl, ]","Nederlands metadata profiel op ISO 19115 voor geografie 2.1.0"
"977e0e94-7aa9-4784-b2da-eaec44adb61b","Habitatrichtlijn verspreiding van habitattypen","https://www.nationaalgeoregister.nl/geonetwork/srv/dut/catalog.search#/metadata/977e0e94-7aa9-4784-b2da-eaec44adb61b","Ministerie van Economische Zaken - GIS Competence Center","[geodatabeheer.giscc@rvo.nl, GeoDesk.CGI@wur.nl, geodatabeheer.giscc@rvo.nl, beheerPDOK@kadaster.nl, ]","Nederlands metadata profiel op ISO 19115 voor geografie 2.0"
"a57cb859-c4fe-444c-adc6-be14cb2bbf36","Geluidbelasting rijkswegen in Nederland 2016 (nacht gemiddelde)","https://www.nationaalgeoregister.nl/geonetwork/srv/dut/catalog.search#/metadata/a57cb859-c4fe-444c-adc6-be14cb2bbf36","Rijkswaterstaat","[servicedesk-data@rijkswaterstaat.nl, servicedesk-data@rijkswaterstaat.nl, , servicedesk-data@rijkswaterstaat.nl, servicedesk-data@rijkswaterstaat.nl]","Nederlands metadata profiel op ISO 19115 voor geografie 2.1.0"
"edf79e6a-d73d-4def-8d22-0f495cc76a73","Bronbestanden waterkwaliteit","no MD_DataIdentificationCitationAnchor","Informatiehuis Water","[servicedesk@ihw.nl, servicedesk@ihw.nl]","Nederlands metadata profiel op ISO 19115 voor geografie 1.3"
"19165027-a13a-4c19-9013-ec1fd191019d","Wetlands (RAMSAR) (INSPIRE Geharmoniseerd)","http://nationaalgeoregister.nl/geonetwork/srv/dut/catalog.search#/metadata/19165027-a13a-4c19-9013-ec1fd191019d","no organisationName found in dataset record","[geodatabeheer.giscc@rvo.nl, geodatabeheer.giscc@rvo.nl, geodatabeheer.giscc@rvo.nl, GeoDesk.CGI@wur.nl, beheer@pdok.nl, , ]","Nederlandse metadata profiel op ISO 19115 voor geografie 1.3"
"ffefc3dc-dc8f-4589-ae22-a60bebcdf5cb","Wijk- en Buurtkaart 2018 versie 3","https://www.cbs.nl/nl-nl/dossier/nederland-regionaal/geografische-data/wijk-en-buurtkaart-2018","Centraal Bureau voor de Statistiek","[infoservice@cbs.nl, infoservice@cbs.nl, infoservice@cbs.nl, , ]","Nederlands metadata profiel op ISO 19115 voor geografie 2.1.0"
"a5f961e9-ebdd-41e2-b8e8-ab33ed340a83","Adressen (INSPIRE geharmoniseerd)","http://kadaster/1d32fc50-cd5b-4425-b0df-16c7c7940e94","Kadaster","[PPB-GVA@kadaster.nl, kcc@kadaster.nl]","Nederlandse metadata profiel op ISO 19115 voor geografie 2.0"
"a29917b9-3426-4041-a11b-69bcb2256904","Kadastrale kaart v4","no MD_DataIdentificationCitationAnchor","Kadaster","[PPB-GVA@kadaster.nl, kcc@kadaster.nl, kcc@kadaster.nl, , ]","Nederlandse metadata profiel op ISO 19115 voor geografie 1.2"
"aa3b5e6e-7baa-40c0-8972-3353e927ec2f","BAG","http://kadaster/1fa33d90-79cb-11e2-b92a-0800200c9a66","Kadaster","[PPB-GVA@kadaster.nl, bag@kadaster.nl, bag@kadaster.nl]","Nederlands metadata profiel op ISO 19115 voor geografie 2.0"
"7939fd42-cf88-42c5-ab3b-232cf232a3ac","Actueel Hoogtebestand Nederland 2 (AHN2)","https://www.nationaalgeoregister.nl/geonetwork/srv/dut/catalog.search#/metadata/7939fd42-cf88-42c5-ab3b-232cf232a3ac","Rijkswaterstaat","[servicedesk-data@rijkswaterstaat.nl, servicedesk-data@rijkswaterstaat.nl, , servicedesk-data@rijkswaterstaat.nl, servicedesk-data@rijkswaterstaat.nl]","Nederlands metadata profiel op ISO 19115 voor geografie 2.1.0"
"10d1153e-778f-4995-9b6c-7c69b196cccb","Statistical Units Vector","https://geodata.nationaalgeoregister.nl/cbsgebiedsindelingen/atom/cbsgebiedsindelingen.xml","Statistics Netherlands","[infoservice@cbs.nl, infoservice@cbs.nl, infoservice@cbs.nl, , ]","Nederlands metadata profiel op ISO 19115 voor geografie 2.1.0"
"4617f0e0-6af4-4ac0-9044-31df9d03071c","Zones volgens EU Gemeenschappelijk Visserijbeleid tot 3M en 6M","https://www.nationaalgeoregister.nl/geonetwork/srv/api/records4617f0e0-6af4-4ac0-9044-31df9d03071c","no organisationName found in dataset record","[data@hydro.nl, data@hydro.nl, data@hydro.nl, , ]","Nederlands metadata profiel op ISO 19115 voor geografie 2.1.0"
"4e2ef670-cddd-11dd-ad8b-0800200c9a66","Stads- en Dorpsgezichten","http://services.rce.geovoorziening.nl/www/download/nl.xml","Rijksdienst voor het Cultureel Erfgoed","[info@cultureelerfgoed.nl, info@cultureelerfgoed.nl, info@cultureelerfgoed.nl]","Nederlands metadata profiel op ISO 19115 voor geografie 2.1.0"
"c5c4a6d6-b850-473c-8ab5-af9c2c550809","Administratieve Eenheden","http://kadaster/06b6c650-cdb1-11dd-ad8b-0800200c9a76","Kadaster","[PPB-GVA@kadaster.nl, kcc@kadaster.nl, kcc@kadaster.nl]","Nederlands metadata profiel op ISO 19115 voor geografie 2.0"
"29d5310f-dd0d-45ba-abad-b4ffc6b8785f","TOP10NL","http://kadaster/2482250f-3b00-4439-9f93-f3118229b201","Kadaster","[PPB-GVA@kadaster.nl, kcc@kadaster.nl, kcc@kadaster.nl, , , , , , ]","Nederlands metadata profiel op ISO 19115 voor geografie 2.1.0"
"31de946d-85d4-4c93-bb97-e25f4ef1401a","Vervoersnetwerken - Luchttransport (INSPIRE geharmoniseerd)","http://kadaster/3b7bb05b-2d2e-4329-9a72-0eac19e315de","Kadaster","[PPB-GVA@kadaster.nl, kcc@kadaster.nl]","Nederlands metadata profiel op ISO 19115 voor geografie 2.0"
"08b27bf0-e34a-4b30-9eac-5edadfb6a288","Afgevoerde hoeveelheid afval in 2015 vanuit de industrie","https://data.rivm.nl/inspire/id#1de92b14-bc21-4f33-b0de-abd325e61804","no organisationName found in dataset record","[emissieregistratie@rivm.nl, , emissieregistratie@rivm.nl]","Nederlands metadata profiel op ISO 19115 voor geografie 2.0"
"1c3afc74-cc34-44b7-938a-963e2350795a","Hydrografie - Physical Waters (INSPIRE geharmoniseerd)","http://kadaster/70a0f618-9d4f-4be9-9d9d-11106ff6971c","Kadaster","[PPB-GVA@kadaster.nl, kcc@kadaster.nl]","Nederlands metadata profiel op ISO 19115 voor geografie 2.0"
"b61a773c-ecad-4e60-93e9-0a4caac0b52f","Olie- en gasvelden onder INSPIRE","https://www.nationaalgeoregister.nl/geonetwork/srv/dut/xml.metadata.get?uuid=b61a773c-ecad-4e60-93e9-0a4caac0b52f","TNO Geologische Dienst Nederland","[info@dinoloket.nl, info@dinoloket.nl, info@dinoloket.nl]","Nederlands metadata profiel op ISO 19115 voor geografie 2.1.0"
"82d8fb04-6e3d-4a3a-b230-387afd3dd9da","(T) KNMI Actuele synoptische weerwaarnemingen per 10 minuten-KMDS__OPER_P___10M_OBS_L2","no MD_DataIdentificationCitationAnchor","KNMI","[datacentrum@knmi.nl, datacentrum@knmi.nl]","2005/PDAM1"
"6f84efeb-fc1d-4565-a721-80735ea57dbd","Rijksmonumenten (verouderd)","http://services.rce.geovoorziening.nl/www/download/nl.xml","Rijksdienst voor het Cultureel Erfgoed","[info@cultureelerfgoed.nl, info@cultureelerfgoed.nl]","Nederlands metadata profiel op ISO 19115 voor geografie 2.1.0"
"2d3dd6d2-2d2b-4b5f-9e30-86e19ed77a56","Bestand Bodemgebruik 2015","http://geodata.nationaalgeoregister.nl/bestandbodemgebruik2015/extract/bestandbodemgebruik2015.zip","Centraal Bureau voor de Statistiek","[infoservice@cbs.nl, infoservice@cbs.nl, , , ]","Nederlands metadata profiel op ISO 19115 voor geografie 2.1.0"
"4e2bb25e-a5a9-43a7-986a-40e7aea32e38","Luchtfoto 2020 25cm RGB open data","http://kadaster/2482250f-3b00-4439-9f93-f3118229b026","Kadaster","[PPB-GVA@kadaster.nl, info@hetwaterschapshuis.nl, kcc@kadaster.nl, , , , , , ]","Nederlands metadata profiel op ISO 19115 voor geografie 2.0"
"F646DFB9-5BF6-EAB9-042B-CAB6FF2DC275","BRO Digital Geological Model (DGM)","https://www.nationaalgeoregister.nl/geonetwork/srv/dut/xml.metadata.get?uuid=F646DFB9-5BF6-EAB9-042B-CAB6FF2DC275","TNO Geologische Dienst Nederland","[support@broservicedesk.nl, info@bro.nl, info@dinoloket.nl]","Nederlands metadata profiel op ISO 19115 voor geografie 2.1.0"
"7D35598D-DFBF-C64D-0F1A-92A80A45EB14","BRO GeoTOP (GTM)","https://www.nationaalgeoregister.nl/geonetwork/srv/dut/xml.metadata.get?uuid=7D35598D-DFBF-C64D-0F1A-92A80A45EB14","TNO Geologische Dienst Nederland","[support@broservicedesk.nl, info@bro.nl, info@dinoloket.nl]","Nederlands metadata profiel op ISO 19115 voor geografie 2.1.0"
"krm-a905-9d8e-4758-83fa-28b057f185e3","Kaderrichtlijn Mariene Strategie - Rapportage eenheden Nederland EU2018","https://www.nationaalgeoregister.nl/geonetwork/srv/dut/catalog.search#/metadata/krm-a905-9d8e-4758-83fa-28b057f185e3","Rijkswaterstaat","[servicedesk-data@rijkswaterstaat.nl, servicedesk-data@rijkswaterstaat.nl, , servicedesk-data@rijkswaterstaat.nl, servicedesk-data@rijkswaterstaat.nl]","Nederlands metadata profiel op ISO 19115 voor geografie 2.1.0"
"1249746f-c2a6-4639-98f2-251676b3528e","Maritieme grenzen - basislijn Noordzee","https://ngr.acceptatie.nationaalgeoregister.nl/geonetwork/srv/resourcesd7ab6903-1152-450b-b81d-042682dcfd03","Ministerie van Defensie, Koninklijke Marine, Dienst der Hydrografie","[data@hydro.nl, data@hydro.nl, data@hydro.nl]","Nederlands metadata profiel op ISO 19115 voor geografie 2.1.0"
"6318009c-7b11-4ab9-9929-735584dfb692","Land Use 2015","https://geodata.nationaalgeoregister.nl/elu/atom/elu.xml","Statistics Netherlands","[infoservice@cbs.nl, infoservice@cbs.nl, , , ]","Nederlands metadata profiel op ISO 19115 voor geografie 2.1.0"
"effe1ab0-073d-437c-af13-df5c5e07d6cd","CBS gebiedsindelingen","https://geodata.nationaalgeoregister.nl/cbsgebiedsindelingen/atom/cbsgebiedsindelingen.xml","Centraal Bureau voor de Statistiek","[infoservice@cbs.nl, infoservice@cbs.nl, infoservice@cbs.nl, , ]","Nederlands metadata profiel op ISO 19115 voor geografie 2.1.0"
"krw2006-c57b-44a2-83a4-e51223d5f15g","Kaderrichtlijn Water - Oppervlaktewaterlichamen Nederland EU2009 lijnen","https://www.nationaalgeoregister.nl/geonetwork/srv/dut/catalog.search#/metadata/krw2006-c57b-44a2-83a4-e51223d5f15g","Rijkswaterstaat","[servicedesk-data@rijkswaterstaat.nl, servicedesk-data@rijkswaterstaat.nl, , servicedesk-data@rijkswaterstaat.nl, servicedesk-data@rijkswaterstaat.nl]","Nederlands metadata profiel op ISO 19115 voor geografie 2.1.0"
"2e31680f-68b5-4ff3-94a4-9c24109ffd5e","Kaderrichtlijn Water - Oppervlaktewaterlichamen Nederland 2020 vlakken","https://www.nationaalgeoregister.nl/geonetwork/srv/dut/catalog.search#/metadata/2e31680f-68b5-4ff3-94a4-9c24109ffd5e","Rijkswaterstaat","[servicedesk-data@rijkswaterstaat.nl, servicedesk-data@rijkswaterstaat.nl, , servicedesk-data@rijkswaterstaat.nl, servicedesk-data@rijkswaterstaat.nl]","Nederlands metadata profiel op ISO 19115 voor geografie 2.1.0"
"110f9ec6-4464-462e-9765-83d90cefbeac","Kaderrichtlijn Water - Deelstroomgebieden Nederland EU2015","https://www.nationaalgeoregister.nl/geonetwork/srv/dut/catalog.search#/metadata/110f9ec6-4464-462e-9765-83d90cefbeac","Informatiehuis Water","[servicedesk@ihw.nl, servicedesk@ihw.nl, , servicedesk-data@rijkswaterstaat.nl, servicedesk-data@rijkswaterstaat.nl]","Nederlands metadata profiel op ISO 19115 voor geografie 2.1.0"
"krw-782cab20-8328-45f1-a9b2-c27d07c14066","Kaderrichtlijn Water - Deelstroomgebieden Nederland 2020 vlakken","https://www.nationaalgeoregister.nl/geonetwork/srv/dut/catalog.search#/metadata/krw-782cab20-8328-45f1-a9b2-c27d07c14066","Rijkswaterstaat","[servicedesk-data@rijkswaterstaat.nl, servicedesk-data@rijkswaterstaat.nl, , servicedesk-data@rijkswaterstaat.nl, servicedesk-data@rijkswaterstaat.nl]","Nederlands metadata profiel op ISO 19115 voor geografie 2.1.0"
"891ddc2d-8949-4a45-be96-c65b87c41f13","Kaderrichtlijn Water - Monitoringlocaties Nederland EU2015","https://www.nationaalgeoregister.nl/geonetwork/srv/dut/catalog.search#/metadata/891ddc2d-8949-4a45-be96-c65b87c41f13","Informatiehuis Water","[servicedesk@ihw.nl, servicedesk-data@rijkswaterstaat.nl, , servicedesk-data@rijkswaterstaat.nl, servicedesk-data@rijkswaterstaat.nl]","Nederlands metadata profiel op ISO 19115 voor geografie 2.1.0"
"11a292bd-9022-4a9f-b1bf-02f5c89ad74a","Totale potentie aardwarmte uit aquifers onder INSPIRE","https://www.nationaalgeoregister.nl/geonetwork/srv/dut/xml.metadata.get?uuid=11a292bd-9022-4a9f-b1bf-02f5c89ad74a","TNO Geologische Dienst Nederland","[info@dinoloket.nl, info@dinoloket.nl, info@dinoloket.nl]","Nederlands metadata profiel op ISO 19115 voor geografie 2.1.0"
"80630ee7-3a15-4ea0-bdc0-a8aebfa2f204","Oppervlaktegeologie, Geologische kaart onder INSPIRE","https://www.nationaalgeoregister.nl/geonetwork/srv/dut/xml.metadata.get?uuid=80630ee7-3a15-4ea0-bdc0-a8aebfa2f204","TNO Geologische Dienst Nederland","[info@dinoloket.nl, info@dinoloket.nl, info@dinoloket.nl]","Nederlands metadata profiel op ISO 19115 voor geografie 2.1.0"
"E7D9F0D6-2B8D-6699-F26E-4A781228F2DD","BRO REGIS II Hydrogeologisch model (HGM)","https://www.nationaalgeoregister.nl/geonetwork/srv/dut/xml.metadata.get?uuid=E7D9F0D6-2B8D-6699-F26E-4A781228F2DD","TNO Geologische Dienst Nederland","[support@broservicedesk.nl, info@bro.nl, info@dinoloket.nl]","Nederlands metadata profiel op ISO 19115 voor geografie 2.1.0"
"wt-3730-e750-485a-9c0c-39bf9be72cf9","Menselijke gezondheid en veiligheid -  geluidbelasting rijkswegen 2006 (INSPIRE geharmoniseerd)","https://www.nationaalgeoregister.nl/geonetwork/srv/dut/catalog.search#/metadata/wt-3730-e750-485a-9c0c-39bf9be72cf9","Rijkswaterstaat","[servicedesk-data@rijkswaterstaat.nl, servicedesk-data@rijkswaterstaat.nl, , servicedesk-data@rijkswaterstaat.nl, info@wetransform.to]","Nederlands metadata profiel op ISO 19115 voor geografie 2.1.0"
"wt-f5eb-b09f-4f6d-8397-8878a1b86238","Menselijke gezondheid en veiligheid - geluidbelasting rijkswegen 2011 (INSPIRE geharmoniseerd)","https://www.nationaalgeoregister.nl/geonetwork/srv/dut/catalog.search#/metadata/wt-f5eb-b09f-4f6d-8397-8878a1b86238","Rijkswaterstaat","[servicedesk-data@rijkswaterstaat.nl, servicedesk-data@rijkswaterstaat.nl, , servicedesk-data@rijkswaterstaat.nl, info@wetransform.to]","Nederlands metadata profiel op ISO 19115 voor geografie 2.1.0"
"wt-83730-e750-485a-9c0c-39bf9be72cf8","Menselijke gezondheid en veiligheid - geluidbelasting rijkswegen 2016 (INSPIRE geharmoniseerd)","https://www.nationaalgeoregister.nl/geonetwork/srv/dut/catalog.search#/metadata/wt-83730-e750-485a-9c0c-39bf9be72cf8","Rijkswaterstaat","[servicedesk-data@rijkswaterstaat.nl, servicedesk-data@rijkswaterstaat.nl, , servicedesk-data@rijkswaterstaat.nl, info@wetransform.to]","Nederlands metadata profiel op ISO 19115 voor geografie 2.1.0"
"17716ed7-ce0d-4bfd-8868-a398e5578a36","Ruimtelijke plannen Wro: Ruimtelijkeplannen.nl","http://kadaster/e2318c58-b1e6-4621-9c77-33b8a1fd0e76","Kadaster","[PPB-GVA@kadaster.nl, ruimtelijkeplannen@kadaster.nl]","Nederlands metadata profiel op ISO 19115 voor geografie 2.1.0"
"76541ebb-a554-4540-a017-399d4bb4a860","Population Distribution NL","https://geodata.cbs.nl/files/INSPIRE","Statistics Netherlands","[infoservice@cbs.nl, infoservice@cbs.nl, infoservice@cbs.nl, , ]","Nederlands metadata profiel op ISO 19115 voor geografie 2.1.0"
"uwwtd-9d8e-4758-83fa-28b057f185e1","Richtlijn Stedelijk Afvalwater - agglomeraties Nederland EU2015","https://www.nationaalgeoregister.nl/geonetwork/srv/dut/catalog.search#/metadata/uwwtd-9d8e-4758-83fa-28b057f185e1","Rijkswaterstaat","[servicedesk-data@rijkswaterstaat.nl, servicedesk-data@rijkswaterstaat.nl, , servicedesk-data@rijkswaterstaat.nl, servicedesk-data@rijkswaterstaat.nl]","Nederlands metadata profiel op ISO 19115 voor geografie 2.1.0"
"07575774-57a1-4419-bab4-6c88fdeb02b2","Hydrografie waterschappen INSPIRE","https://www.nationaalgeoregister.nl/geonetwork/srv/api/records07575774-57a1-4419-bab4-6c88fdeb02b2","Het Waterschapshuis","[datastromen@hetwaterschapshuis.nl, datastromen@hetwaterschapshuis.nl, , datastromen@hetwaterschapshuis.nl]","Nederlands metadata profiel op ISO 19115 voor geografie 2.1.0"
"f605a24f-60cd-4c40-94c8-2186aba3ddd0","CBS Vierkantstatistieken 500m","http://geodata.nationaalgeoregister.nl/cbsvierkanten500mv2/atom/cbsvierkanten500mv2.xml","Centraal Bureau voor de Statistiek","[infoservice@cbs.nl, infoservice@cbs.nl, infoservice@cbs.nl, ]","Nederlands metadata profiel op ISO 19115 voor geografie 2.1.0"
"1462bbce-ccd3-4362-83d8-4535ca8f44eb","CBS Vierkantstatistieken 100m","http://geodata.nationaalgeoregister.nl/cbsvierkanten100mv2/atom/cbsvierkanten100mv2.xml","Centraal Bureau voor de Statistiek","[infoservice@cbs.nl, infoservice@cbs.nl, infoservice@cbs.nl, ]","Nederlands metadata profiel op ISO 19115 voor geografie 2.1.0"
"eu-2c7040b-c448-451b-bf15-f2416ecaadd1","Vervoersnetwerken - Waterwegen (INSPIRE geharmoniseerd) - WT","https://www.nationaalgeoregister.nl/geonetwork/srv/dut/catalog.search#/metadata/eu-2c7040b-c448-451b-bf15-f2416ecaadd1","Rijkswaterstaat","[servicedesk-data@rijkswaterstaat.nl, servicedesk-data@rijkswaterstaat.nl, , servicedesk-data@rijkswaterstaat.nl, info@wetransform.to]","Nederlands metadata profiel op ISO 19115 voor geografie 2.1.0"
"e80ad426-1392-4349-9f80-14dae5f1bf57","Kadastrale Percelen (INSPIRE geharmoniseerd)","http://kadaster/0f9b8c87-80a6-435f-b3b3-e07c3918d344","Kadaster","[PPB-GVA@kadaster.nl, kcc@kadaster.nl, , ]","Nederlands metadata profiel op ISO 19115 voor geografie 2.1.0"
"110f9ec6-4464-462e-9765-83d90cefbeab","Kaderrichtlijn Water - Stroomgebieddistricten Nederland EU2015","https://www.nationaalgeoregister.nl/geonetwork/srv/dut/catalog.search#/metadata/10f9ec6-4464-462e-9765-83d90cefbeab","Rijkswaterstaat","[servicedesk-data@rijkswaterstaat.nl, servicedesk-data@rijkswaterstaat.nl, , servicedesk-data@rijkswaterstaat.nl, servicedesk-data@rijkswaterstaat.nl]","Nederlands metadata profiel op ISO 19115 voor geografie 2.1.0"
"ror-9d8e-4758-83fx-28b057f185f1","Richtlijn Overstromingsrisico - historische overstromingen EU2018","https://www.nationaalgeoregister.nl/geonetwork/srv/dut/catalog.search#/metadata/ror-9d8e-4758-83fx-28b057f185f1","Rijkswaterstaat","[servicedesk-data@rijkswaterstaat.nl, servicedesk-data@rijkswaterstaat.nl, , servicedesk-data@rijkswaterstaat.nl, servicedesk-data@rijkswaterstaat.nl]","Nederlands metadata profiel op ISO 19115 voor geografie 2.1.0"
"9d9f1738-aced-47c9-aaa0-c62474a2dcfb","Zeegebieden","http://kadaster/7c22107ea-5e31-4bbc-8e24-d15fe230062e","Kadaster","[PPB-GVA@kadaster.nl, kcc@kadaster.nl, kcc@kadaster.nl]","Nederlands metadata profiel op ISO 19115 voor geografie 2.0"
"b4ae622c-6201-49d8-bd2e-f7fce9206a1e","Gebouwen (INSPIRE geharmoniseerd)","http://kadaster/80b2d12c-32be-54fg-b6d3â€”34f4ffc06cf3","Kadaster","[PPB-GVA@kadaster.nl, kcc@kadaster.nl]","Nederlandse metadata profiel op ISO 19115 voor geografie 2.0"
"9986a7ef-e5e2-4a7a-9018-2e1f9631ba8c","Zwemwater (provinciaal en Rijkswateren) uit {Zwemwaterregister}","http://nationaalgeoregister.nl/geonetwork/srv/dut/csw?SERVICE=CSW&version=2.0.2&REQUEST=GetRecordById&elementSetName=full&OutputSchema=http://www.isotc211.org/2005/gmd&ID=c829abeb-bfac-4224-8332-e7a9a89e692e","Interprovinciaal Overleg","[inspire@gbo-provincies.nl, inspire@gbo-provincies.nl, inspire@gbo-provincies.nl]","Nederlands metadata profiel op ISO 19115 voor geografie 2.0"
"41023936-009d-48ec-a90d-c966895463c1","Geluidszones rondom vliegvelden","http://nationaalgeoregister.nl/geonetwork/srv/dut/csw?SERVICE=CSW&version=2.0.2&REQUEST=GetRecordById&elementSetName=full&OutputSchema=http://www.isotc211.org/2005/gmd&ID=41023936-009d-48ec-a90d-c966895463c1","Interprovinciaal Overleg","[inspire@gbo-provincies.nl, inspire@gbo-provincies.nl, inspire@gbo-provincies.nl]","Nederlands metadata profiel op ISO 19115 voor geografie 2.0"
"krm-a905-9d8e-4758-83fa-28b057f185e4","Kaderrichtlijn Mariene Strategie - Mariene wateren Nederland EU2018","https://www.nationaalgeoregister.nl/geonetwork/srv/dut/catalog.search#/metadata/krm-a905-9d8e-4758-83fa-28b057f185e4","Rijkswaterstaat","[servicedesk-data@rijkswaterstaat.nl, servicedesk-data@rijkswaterstaat.nl, , servicedesk-data@rijkswaterstaat.nl, servicedesk-data@rijkswaterstaat.nl]","Nederlands metadata profiel op ISO 19115 voor geografie 2.1.0"
"a5241416-8401-4623-be61-57ef50447a41","Maritieme grenzen - Noordzee","https://www.nationaalgeoregister.nl:443/geonetwork/srv/api/records/a5241416-8401-4623-be61-57ef50447a41","Ministerie van Defensie, Koninklijke Marine, Dienst der Hydrografie","[data@hydro.nl, data@hydro.nl, data@hydro.nl, , ]","Nederlands metadata profiel op ISO 19115 voor geografie 2.0"
"2daad588-11ef-47de-9832-6fe2c3b93e6d","Overstromingsrisicokaarten","http://nationaalgeoregister.nl/geonetwork/srv/dut/csw?SERVICE=CSW&version=2.0.2&REQUEST=GetRecordById&elementSetName=full&OutputSchema=http://www.isotc211.org/2005/gmd&ID=2daad588-11ef-47de-9832-6fe2c3b93e6d","Interprovinciaal Overleg","[inspire@gbo-provincies.nl, inspire@gbo-provincies.nl, inspire@gbo-provincies.nl]","Nederlands metadata profiel op ISO 19115 voor geografie 2.0"
"bc2c53f6-c908-4d7c-a6c0-78d9a2855640","Overstromingsgevaarkaarten","http://nationaalgeoregister.nl/geonetwork/srv/dut/csw?SERVICE=CSW&version=2.0.2&REQUEST=GetRecordById&elementSetName=full&OutputSchema=http://www.isotc211.org/2005/gmd&ID=bc2c53f6-c908-4d7c-a6c0-78d9a2855640","Interprovinciaal Overleg","[inspire@gbo-provincies.nl, inspire@gbo-provincies.nl, inspire@gbo-provincies.nl]","Nederlands metadata profiel op ISO 19115 voor geografie 2.0"
"f5f68d51-2ca4-4897-8227-d3938b2b0a7e","Afvalinrichtingen inclusief nucleaire inrichtingen","http://nationaalgeoregister.nl/geonetwork/srv/dut/csw?SERVICE=CSW&version=2.0.2&REQUEST=GetRecordById&elementSetName=full&OutputSchema=http://www.isotc211.org/2005/gmd&ID=f5f68d51-2ca4-4897-8227-d3938b2b0a7e","Interprovinciaal Overleg","[inspire@gbo-provincies.nl, inspire@gbo-provincies.nl, inspire@gbo-provincies.nl]","Nederlands metadata profiel op ISO 19115 voor geografie 2.0"
"krw2006-68b5-4ff3-94a4-9c24109ffd5e","Kaderrichtlijn Water - Oppervlaktewaterlichamen Nederland EU2009 vlakken","https://www.nationaalgeoregister.nl/geonetwork/srv/dut/catalog.search#/metadata/krw2006-68b5-4ff3-94a4-9c24109ffd5e","Rijkswaterstaat","[servicedesk-data@rijkswaterstaat.nl, servicedesk-data@rijkswaterstaat.nl, , servicedesk-data@rijkswaterstaat.nl, servicedesk-data@rijkswaterstaat.nl]","Nederlands metadata profiel op ISO 19115 voor geografie 2.1.0"
"622a632a-c57b-44a2-83a4-e51223d5f15g","Kaderrichtlijn Water - Oppervlaktewaterlichamen Nederland 2020 lijnen","https://www.nationaalgeoregister.nl/geonetwork/srv/dut/catalog.search#/metadata/622a632a-c57b-44a2-83a4-e51223d5f15g","Rijkswaterstaat","[servicedesk-data@rijkswaterstaat.nl, servicedesk-data@rijkswaterstaat.nl, , servicedesk-data@rijkswaterstaat.nl, servicedesk-data@rijkswaterstaat.nl]","Nederlands metadata profiel op ISO 19115 voor geografie 2.1.0"
"110f9ec6-4464-462e-9765-83d90cefbead","Kaderrichtlijn Water - Oppervlaktewaterlichamen Nederland EU2015 vlakken","https://www.nationaalgeoregister.nl/geonetwork/srv/dut/catalog.search#/metadata/110f9ec6-4464-462e-9765-83d90cefbead","Informatiehuis Water","[servicedesk@ihw.nl, servicedesk-data@rijkswaterstaat.nl, , servicedesk-data@rijkswaterstaat.nl, servicedesk@ihw.nl]","Nederlands metadata profiel op ISO 19115 voor geografie 2.1.0"
"110f9ec6-4464-462e-9765-83d90cefbeag","Kaderrichtlijn Water - Oppervlaktewaterlichamen Nederland EU2015 lijnen","https://www.nationaalgeoregister.nl/geonetwork/srv/dut/catalog.search#/metadata/110f9ec6-4464-462e-9765-83d90cefbeag","Informatiehuis Water","[servicedesk@ihw.nl, servicedesk-data@rijkswaterstaat.nl, , servicedesk-data@rijkswaterstaat.nl, servicedesk@ihw.nl]","Nederlands metadata profiel op ISO 19115 voor geografie 2.1.0"
"c935f2ab-9b65-4dc4-94a0-73aeb840a941","Overheidsdiensten","no MD_DataIdentificationCitationAnchor","Kamer van Koophandel","[erik.simonse@kvk.nl, erik.simonse@kvk.nl]","Nederlands metadata profiel op ISO 19115 voor geografie 1.3"
"abaf1e22-55aa-4a11-a855-7ac963e4a82b","Weggegevens (WEGGEG)","https://www.nationaalgeoregister.nl/geonetwork/srv/dut/catalog.search#/metadata/abaf1e22-55aa-4a11-a855-7ac963e4a82b","Rijkswaterstaat","[servicedesk-data@rijkswaterstaat.nl, servicedesk-data@rijkswaterstaat.nl, , servicedesk-data@rijkswaterstaat.nl, servicedesk-data@rijkswaterstaat.nl]","Nederlands metadata profiel op ISO 19115 voor geografie 2.1.0"
"493ab81b-75f8-4205-b030-6b2fd9eb4295","INSPIRE geharmoniseerde Beschermde Gebieden - Cultuur Historie","https://monumentenregister.cultureelerfgoed.nl/sites/default/files/MRS/mrs-inspire.zip","Rijksdienst voor het Cultureel Erfgoed","[info@cultureelerfgoed.nl, info@cultureelerfgoed.nl, info@cultureelerfgoed.nl]","Nederlands metadata profiel op ISO 19115 voor geografie 2.1.0"
"a9b7026e-0a81-4813-93bd-ba49e6f28502","NWB - Wegen","https://www.nationaalgeoregister.nl/geonetwork/srv/dut/catalog.search#/metadata/a9b7026e-0a81-4813-93bd-ba49e6f28502","Rijkswaterstaat","[servicedesk-data@rijkswaterstaat.nl, servicedesk-data@rijkswaterstaat.nl, , servicedesk-data@rijkswaterstaat.nl, servicedesk-data@rws.n]","Nederlands metadata profiel op ISO 19115 voor geografie 2.1.0"
"uwwtd-9d8e-4758-83fa-28b057f185e2","Richtlijn Stedelijk Afvalwater - lozingspunten Nederland EU2015","https://www.nationaalgeoregister.nl/geonetwork/srv/dut/catalog.search#/metadata/uwwtd-9d8e-4758-83fa-28b057f185e2","Rijkswaterstaat","[servicedesk-data@rijkswaterstaat.nl, servicedesk-data@rijkswaterstaat.nl, , servicedesk-data@rijkswaterstaat.nl, servicedesk-data@rijkswaterstaat.nl]","Nederlands metadata profiel op ISO 19115 voor geografie 2.1.0"
"4cda487b-c467-490c-a843-6563fec016be","Aansluitende zone volgens UNCLOS - Noordzee","https://www.nationaalgeoregister.nl/geonetwork/srv/api/records4cda487b-c467-490c-a843-6563fec016be","Ministerie van Defensie, Koninklijke Marine, Dienst der Hydrografie","[data@hydro.nl, data@hydro.nl, data@hydro.nl, , ]","Nederlands metadata profiel op ISO 19115 voor geografie 2.0"
"ror-9d8e-4758-83fx-28b057f185g1","Richtlijn Overstromingsrisico - gebieden met Potentieel Significant Overstromingsrisico EU2018 lijnen","https://www.nationaalgeoregister.nl/geonetwork/srv/dut/catalog.search#/metadata/ror-9d8e-4758-83fx-28b057f185g1","Rijkswaterstaat","[servicedesk-data@rijkswaterstaat.nl, servicedesk-data@rijkswaterstaat.nl, , servicedesk-data@rijkswaterstaat.nl, servicedesk-data@rijkswaterstaat.nl]","Nederlands metadata profiel op ISO 19115 voor geografie 2.1.0"
"c4b137b8-2317-42c2-aced-204c4216d68d","Digitaal Topografisch Bestand (DTB)","https://www.nationaalgeoregister.nl/geonetwork/srv/dut/catalog.search#/metadata/c4b137b8-2317-42c2-aced-204c4216d68d","Rijkswaterstaat","[servicedesk-data@rijkswaterstaat.nl, servicedesk-data@rijkswaterstaat.nl, , servicedesk-data@rijkswaterstaat.nl, servicedesk-data@rijkswaterstaat.nl]","Nederlands metadata profiel op ISO 19115 voor geografie 2.1.0"
"krw-f7bb2351-9788-42ea-a58b-a5ee1842304e","Kaderrichtlijn Water - Stroomgebieddistricten Nederland 2020","https://www.nationaalgeoregister.nl/geonetwork/srv/dut/catalog.search#/metadata/krw-f7bb2351-9788-42ea-a58b-a5ee1842304e","Rijkswaterstaat","[servicedesk-data@rijkswaterstaat.nl, servicedesk-data@rijkswaterstaat.nl, , servicedesk-data@rijkswaterstaat.nl, servicedesk-data@rijkswaterstaat.nl]","Nederlands metadata profiel op ISO 19115 voor geografie 2.1.0"
"710c381c-ab2d-45d5-a45d-af2eba811e5f","Nationaal Hydrologisch Instrumentarium (NHI) - netwerkschematisatie","https://www.nationaalgeoregister.nl/geonetwork/srv/dut/catalog.search#/metadata/710c381c-ab2d-45d5-a45d-af2eba811e5f","Rijkswaterstaat","[servicedesk-data@rijkswaterstaat.nl, servicedesk-data@rijkswaterstaat.nl, , servicedesk-data@rijkswaterstaat.nl, servicedesk-data@rijkswaterstaat.nl]","Nederlands metadata profiel op ISO 19115 voor geografie 2.1.0"
"7dd1fd45-ace5-41e0-93a6-64e3be231717","Administratieve Eenheden (INSPIRE geharmoniseerd)","http://kadaster/29f0fa66-3928-4e95-ae30-5b1eab818ac1","Kadaster","[PPB-GVA@kadaster.nl, kcc@kadaster.nl]","Nederlandse metadata profiel op ISO 19115 voor geografie 2.0"
"76091be7-358a-4a44-8182-b4139c96c6a4","Adressen","http://kadaster/06b6c650-cdb1-11dd-ad8b-0800200c9a77","Kadaster","[PPB-GVA@kadaster.nl, kcc@kadaster.nl, kcc@kadaster.nl]","Nederlands metadata profiel op ISO 19115 voor geografie 2.0"
"7c24ea89-074e-4c4f-91e3-d38e813e9cb6","Luchtfoto 2017 25cm CIR open data","http://kadaster/2482250f-3b00-4439-9f93-f3118229b018","Kadaster","[PPB-GVA@kadaster.nl, info@hetwaterschapshuis.nl, kcc@kadaster.nl, , , , , , ]","Nederlands metadata profiel op ISO 19115 voor geografie 2.0"
"12bb57cd-73e0-41ba-a1e9-6d986b9109d3","Human Health NL NUTS2","https://ec.europa.eu/eurostat/web/health/data/database","Statistics Netherlands","[infoservice@cbs.nl, infoservice@cbs.nl, infoservice@cbs.nl, , ]","Nederlands metadata profiel op ISO 19115 voor geografie 2.1.0"
"d845cef6-0e23-4212-a951-b69763e39ef0","Windsnelheden op 100m hoogte (m/s)","https://nationaalgeoregister.nl/geonetwork/srv/dut/catalog.search#/metadata/d845cef6-0e23-4212-a951-b69763e39ef0","no organisationName found in dataset record","[geodatabeheer.giscc@rvo.nl, geodatabeheer.giscc@rvo.nl, ]","Nederlands metadata profiel op ISO 19115 voor geografie 2.0"
"34e95842-4e4e-46de-9198-79e8cd4d30dc","Geografische Namen (Nat) - Nederland","https://ngr.acceptatie.nationaalgeoregister.nl/geonetwork/srv/resources34e95842-4e4e-46de-9198-79e8cd4d30dc","no organisationName found in dataset record","[data@hydro.nl, data@hydro.nl, data@hydro.nl, , ]","Nederlands metadata profiel op ISO 19115 voor geografie 2.1.0"
"81ff84ec-42a4-4481-840b-12713bbb5d38","Geografische Namen","http://kadaster/06b6c650-cdb1-11dd-ad8b-0800200c9a79","Kadaster","[PPB-GVA@kadaster.nl, kcc@kadaster.nl, kcc@kadaster.nl]","Nederlands metadata profiel op ISO 19115 voor geografie 2.0"
"c2225e5d-b46f-4e38-8445-ab10fd40c0dc","Blokindeling van het Nederlands Continentaal Plat volgens de Mijnbouwwet en Grensgebied volgens de Aanvullende Overeenkomst bij het Eems-Dollardverdrag","https://www.nationaalgeoregister.nl/geonetwork/srv/api/recordsc2225e5d-b46f-4e38-8445-ab10fd40c0dc","no organisationName found in dataset record","[data@hydro.nl, data@hydro.nl, data@hydro.nl]","Nederlands metadata profiel op ISO 19115 voor geografie 2.1.0"
"5951efa2-1ff3-4763-a966-a2f5497679ee","Vervoersnetwerken - Waterwegen (INSPIRE geharmoniseerd)","http://kadaster/ff1d6d44-aea1-4ad5-b084-9afea143f1bf","Kadaster","[PPB-GVA@kadaster.nl, kcc@kadaster.nl]","Nederlands metadata profiel op ISO 19115 voor geografie 2.0"
"5b274449-b6c2-4672-a32f-e0bd40975a53","Luchtfoto 2018 25cm RGB open data","http://kadaster/2482250f-3b00-4439-9f93-f3118229b020","Kadaster","[PPB-GVA@kadaster.nl, info@hetwaterschapshuis.nl, kcc@kadaster.nl, , , , , , ]","Nederlands metadata profiel op ISO 19115 voor geografie 2.0"
"74aca3eb-c38b-4214-9537-e0abc69e11b5","Luchtfoto 2017 25cm RGB open data","http://kadaster/2482250f-3b00-4439-9f93-f3118229b017","Kadaster","[PPB-GVA@kadaster.nl, info@hetwaterschapshuis.nl, kcc@kadaster.nl, , , , , , ]","Nederlands metadata profiel op ISO 19115 voor geografie 2.0"
"fe0e1e5f-512f-4bb1-bbf8-4028d3dfa24f","Schelpdierpercelen","https://www.nationaalgeoregister.nl/geonetwork/srv/dut/catalog.search#/metadata/fe0e1e5f-512f-4bb1-bbf8-4028d3dfa24f","Ministerie van Economische Zaken - GIS Competence Center","[geodatabeheer.giscc@rvo.nl, geodatabeheer.giscc@rvo.nl, BeheerPDOK@kadaster.nl]","Nederlands metadata profiel op ISO 19115 voor geografie 2.0"
"c3c004ad-5387-4b00-a225-9afbcaa5d31b","Geluidkaart hoofdspoornet 2016 (Lden)","https://www.nationaalgeoregister.nl/geonetwork/srv/api/recordsc3c004ad-5387-4b00-a225-9afbcaa5d31b","Ministerie van IenW","[sylvia.koolmees@minienw.nl, sylvia.koolmees@minienw.nl]","Nederlands metadata profiel op ISO 19115 voor geografie 2.0"
"83dab947-387b-49df-8ad2-32bb10d46d38","Geluidkaart Schiphol 2016 (Lden)","https://www.nationaalgeoregister.nl/geonetwork/srv/api/records83dab947-387b-49df-8ad2-32bb10d46d38","Ministerie van IenW","[sylvia.koolmees@minienw.nl, sylvia.koolmees@minienw.nl]","Nederlands metadata profiel op ISO 19115 voor geografie 2.0"
"b6ee58a1-b097-4c6d-8600-eb81efc1468c","Productie/industrie-inrichtingen (o.b.v. SBI-codes) uit {Risico Register Gevaarlijke stoffen (RRGS)}","http://nationaalgeoregister.nl/geonetwork/srv/dut/csw?SERVICE=CSW&version=2.0.2&REQUEST=GetRecordById&elementSetName=full&OutputSchema=http://www.isotc211.org/2005/gmd&ID=b6ee58a1-b097-4c6d-8600-eb81efc1468c","Interprovinciaal Overleg","[inspire@gbo-provincies.nl, inspire@gbo-provincies.nl, inspire@gbo-provincies.nl]","Nederlands metadata profiel op ISO 19115 voor geografie 2.0"
"3387ef8a-9237-453a-aa4e-585d1e193550","Nationaal Beschermde Gebieden (CDDA) (INSPIRE geharmoniseerd)","https://www.nationaalgeoregister.nl/geonetwork/srv/dut/catalog.search#/metadata/3387ef8a-9237-453a-aa4e-585d1e193550","Ministerie van Economische Zaken - GIS Competence Center","[geodatabeheer.giscc@rvo.nl, geodatabeheer.giscc@rvo.nl, geodatabeheer.giscc@rvo.nl]","Nederlands metadata profiel op ISO 19115 voor geografie 2.0"
"88f76a94-ee4d-4e0c-9fde-91b692403e39","Natuurbranden","http://nationaalgeoregister.nl/geonetwork/srv/dut/csw?SERVICE=CSW&version=2.0.2&REQUEST=GetRecordById&elementSetName=full&OutputSchema=http://www.isotc211.org/2005/gmd&ID=88f76a94-ee4d-4e0c-9fde-91b692403e39","Interprovinciaal Overleg","[inspire@gbo-provincies.nl, inspire@gbo-provincies.nl, inspire@gbo-provincies.nl]","Nederlands metadata profiel op ISO 19115 voor geografie 2.0"
"df5ee213-e1bd-433b-80f7-4ea20f493ca8","Zwemwaterkwaliteit (provinciaal en Rijkswateren) uit {Zwemwaterregister}","http://nationaalgeoregister.nl/geonetwork/srv/dut/csw?SERVICE=CSW&version=2.0.2&REQUEST=GetRecordById&elementSetName=full&OutputSchema=http://www.isotc211.org/2005/gmd&ID=df5ee213-e1bd-433b-80f7-4ea20f493ca8","Interprovinciaal Overleg","[inspire@gbo-provincies.nl, inspire@gbo-provincies.nl, inspire@gbo-provincies.nl]","Nederlands metadata profiel op ISO 19115 voor geografie 2.0"
"34e6165f-1269-48d1-b255-0f05d163d692","Geluidszones rondom bedrijventerreinen zowel provinciaal als gemeentelijk","http://nationaalgeoregister.nl/geonetwork/srv/dut/csw?SERVICE=CSW&version=2.0.2&REQUEST=GetRecordById&elementSetName=full&OutputSchema=http://www.isotc211.org/2005/gmd&ID=34e6165f-1269-48d1-b255-0f05d163d692","Interprovinciaal Overleg","[inspire@gbo-provincies.nl, inspire@gbo-provincies.nl, inspire@gbo-provincies.nl]","Nederlands metadata profiel op ISO 19115 voor geografie 2.0"
"0f128799-cf18-4b37-a721-e62b068191f5","Gebiedsbeheer, gebieden waar beperkingen gelden, gereguleerde gebieden en rapportage-eenheden - Provincies (INSPIRE geharmoniseerd)","http://nationaalgeoregister.nl/geonetwork/srv/dut/csw?SERVICE=CSW&version=2.0.2&REQUEST=GetRecordById&elementSetName=full&OutputSchema=http://www.isotc211.org/2005/gmd&ID=0f128799-cf18-4b37-a721-e62b068191f5","Interprovinciaal Overleg","[inspire@gbo-provincies.nl, inspire@gbo-provincies.nl, inspire@gbo-provincies.nl]","Nederlands metadata profiel op ISO 19115 voor geografie 2.0"
"998ba1dc-f6a6-49a3-a021-51f30d9b1d0e","Wet Ammoniak en Veehouderij gebieden","http://nationaalgeoregister.nl/geonetwork/srv/dut/csw?SERVICE=CSW&version=2.0.2&REQUEST=GetRecordById&elementSetName=full&OutputSchema=http://www.isotc211.org/2005/gmd&ID=998ba1dc-f6a6-49a3-a021-51f30d9b1d0e","Interprovinciaal Overleg","[inspire@gbo-provincies.nl, inspire@gbo-provincies.nl, inspire@gbo-provincies.nl]","Nederlands metadata profiel op ISO 19115 voor geografie 2.0"
"b59f06c0-dce5-11e3-9c10-901b0e19e163","Aardbevingen Nederland (KNMI)","https://www.nationaalgeoregister.nl/geonetwork/srv/api/records49807edc-0007-41aa-8809-d381f6713de4","Koninklijk Nederlands Meteorologisch Instituut (KNMI)","[datacentrum@knmi.nl, datacentrum@knmi.nl, datacentrum@knmi.nl]","Nederlands metadata profiel op ISO 19115 voor geografie 2.0"
"8b0b02a0-1e1b-4cda-bcfe-6fa0f738e38f","Emissies naar het riool in 2011 vanuit de industrie","https://data.rivm.nl/inspire/id#e6ddc53d-04c4-435d-bedd-a5ace2dc0313","no organisationName found in dataset record","[emissieregistratie@rivm.nl, , emissieregistratie@rivm.nl]","Nederlands metadata profiel op ISO 19115 voor geografie 2.0"
"a1960e70-22f4-4fd9-91a8-b605c6ceda3e","Kaderrichtlijn Water - Oppervlaktewaterlichamen Nederland EU2015 riviernetwerk","https://www.nationaalgeoregister.nl/geonetwork/srv/dut/catalog.search#/metadata/a1960e70-22f4-4fd9-91a8-b605c6ceda3e","Informatiehuis Water","[servicedesk@ihw.nl, servicedesk@ihw.nl, , servicedesk-data@rijkswaterstaat.nl, servicedesk-data@rijkswaterstaat.nl]","Nederlands metadata profiel op ISO 19115 voor geografie 2.1.0"
"d24ccb35-e9d2-41bf-b231-43083fc0c76d","LCP emissies (Richtlijn IndustriÃ«le emissies) 2016","https://data.rivm.nl/inspire/id#6941b1f2-7ee6-4a1d-9cba-9071e3ca6cb3","no organisationName found in dataset record","[emissieregistratie@rivm.nl, , emissieregistratie@rivm.nl]","Nederlands metadata profiel op ISO 19115 voor geografie 2.0"
"24de356e-ec4d-4a18-9903-6401d222b77c","Vergunningen Mijnbouwwet onder INSPIRE","https://nationaalgeoregister.nl/geonetwork/srv/resources8bdf76b6-c9c9-4011-a7bc-022ae14a4024","TNO Geologische Dienst Nederland","[info@dinoloket.nl, info@dinoloket.nl, info@dinoloket.nl]","Nederlandse metadata profiel op ISO 19115 voor geografie 2.0"
"f2f86edf-ac3a-48e8-9292-0544da2d7645","Emissies naar het riool in 2015 vanuit de industrie","https://data.rivm.nl/inspire/id#64d546c9-71d4-4c84-a04c-61c5d0734f65","no organisationName found in dataset record","[emissieregistratie@rivm.nl, , emissieregistratie@rivm.nl]","Nederlands metadata profiel op ISO 19115 voor geografie 2.0"
"36a7e8cb-8300-4602-93d2-135943365a6f","Monitoring stations (Nitraatrichtlijn) diepe filters","https://data.rivm.nl/inspire/id#36a7e8cb-8300-4602-93d2-135943365a6f","no organisationName found in dataset record","[geodata@rivm.nl, , geodata@rivm.nl]","Nederlands metadata profiel op ISO 19115 voor geografie 2.0"
"4961d305-fbb5-426a-9ba3-53e1ca5f3b18","Nationale Parken","no MD_DataIdentificationCitationAnchor","no organisationName found in dataset record","[geodatabeheer.giscc@rvo.nl, geodatabeheer.giscc@rvo.nl, info@minlnv.nl, , , ]","Nederlands metadata profiel op ISO 19115 voor geografie 2.1.0"
"afc450bd-65b3-4e59-b0fb-619869bf6ada","Landelijk grondwaterregister - Faciliteiten voor productie en industrie","no MD_DataIdentificationCitationAnchor","Interprovinciaal Overleg","[inspire@gbo-provincies.nl, inspire@gbo-provincies.nl, inspire@gbo-provincies.nl, , ]","Nederlands metadata profiel op ISO 19115 voor geografie 2.0"
"6c1cf452-8c62-4046-99ab-640a5e184f9c","Geologisch booronderzoek onder INSPIRE","https://nationaalgeoregister.nl/geonetwork/srv/resources7d4d5090-8b18-4c30-a07a-9d738039112f","TNO Geologische Dienst Nederland","[info@dinoloket.nl, info@dinoloket.nl, info@dinoloket.nl]","Nederlandse metadata profiel op ISO 19115 voor geografie 2.0"
"28c4780a-1a44-4376-b283-14a50a481729","Habitatrichtlijn verspreiding van soorten","https://www.nationaalgeoregister.nl/geonetwork/srv/dut/catalog.search#/metadata/28c4780a-1a44-4376-b283-14a50a481729","no organisationName found in dataset record","[geodatabeheer.giscc@rvo.nl, GeoDesk.CGI@wur.nl, geodatabeheer.giscc@rvo.nl, beheerPDOK@kadaster.nl, , , ]","Nederlands metadata profiel op ISO 19115 voor geografie 2.0"
"e536d943-ecff-4d7a-9500-cc31a263a6af","Publiekrechtelijke beperkingen","http://kadaster/e2318c58-b1e6-4621-9c77-33b8a1fd0124","Kadaster","[PPB-GVA@kadaster.nl, kcc@kadaster.nl]","Nederlands metadata profiel op ISO 19115 voor geografie 2.0"
"f91c6ad6-62a5-46d0-8a5b-8a62e7a4b833","Gemeten Stikstofmonoxide concentraties in buitenlucht.","https://data.rivm.nl/inspire/id#b867ba72-5a7c-41fe-b997-394b56dfbd25","no organisationName found in dataset record","[geodata@rivm.nl, geodata@rivm.nl]","Nederlands metadata profiel op ISO 19115 voor geografie 2.0"
"5c37d29a-006d-4136-8989-adfc35a1d4a7","Wijk- en Buurtkaart 2019 versie 2","https://www.cbs.nl/nl-nl/dossier/nederland-regionaal/geografische-data/wijk-en-buurtkaart-2019","Centraal Bureau voor de Statistiek","[infoservice@cbs.nl, infoservice@cbs.nl, infoservice@cbs.nl, , ]","Nederlands metadata profiel op ISO 19115 voor geografie 2.1.0"
"500d396f-5ec6-4e4b-a151-5fb3cddd8082","Gemeten Zwaveldioxide concentraties in buitenlucht.","https://data.rivm.nl/inspire/id#440c4a06-6924-4f9c-a9e2-6f61340f711b","no organisationName found in dataset record","[geodata@rivm.nl, geodata@rivm.nl]","Nederlands metadata profiel op ISO 19115 voor geografie 2.0"
"247a1d15-0a67-40ce-85be-1403c08f15a8","Nationale Parken (INSPIRE Geharmoniseerd)","http://nationaalgeoregister.nl/geonetwork/srv/dut/catalog.search#/metadata/247a1d15-0a67-40ce-85be-1403c08f15a8","no organisationName found in dataset record","[geodatabeheer.giscc@rvo.nl, geodatabeheer.giscc@rvo.nl, info@minlnv.nl, , , ]","Nederlandse metadata profiel op ISO 19115 voor geografie 1.3"
"4783ea4f-6b8c-4600-8af0-516f3556cfe9","Kaderrichtlijn Water - Register Beschermd Gebied - Schelpdierwater 2008","https://www.nationaalgeoregister.nl/geonetwork/srv/dut/catalog.search#/metadata/4783ea4f-6b8c-4600-8af0-516f3556cfe9","Rijkswaterstaat","[servicedesk-data@rijkswaterstaat.nl, servicedesk-data@rijkswaterstaat.nl, , servicedesk-data@rijkswaterstaat.nl, servicedesk-data@rijkswaterstaat.nl]","Nederlands metadata profiel op ISO 19115 voor geografie 2.1.0"
"b3ec8793-7747-4da0-b6c3-aa384446a586","Gemeten Fijn stof concentraties in buitenlucht.","https://data.rivm.nl/inspire/id#a3095f95-0ec7-46ff-ae14-ce2173e8fafa","no organisationName found in dataset record","[geodata@rivm.nl, geodata@rivm.nl]","Nederlands metadata profiel op ISO 19115 voor geografie 2.0"
"d8f370e8-123c-4ab3-9410-04f728327ac6","Gemeten Ozon concentraties in buitenlucht.","https://data.rivm.nl/inspire/id#fd9c4f87-026e-4681-8d94-9702f3c83078","no organisationName found in dataset record","[geodata@rivm.nl, geodata@rivm.nl]","Nederlands metadata profiel op ISO 19115 voor geografie 2.0"
"3d59fd06-9aec-4744-91e7-65e119f74569","Mossel- en oesterhabitats (AS IS)","https://www.nationaalgeoregister.nl/geonetwork/srv/dut/catalog.search#/metadata/3d59fd06-9aec-4744-91e7-65e119f74569","Ministerie van Economische Zaken - GIS Competence Center","[geodatabeheer.giscc@rvo.nl, geodatabeheer.giscc@rvo.nl, info@wur.nl, BeheerPDOK@kadaster.nl]","Nederlands metadata profiel op ISO 19115 voor geografie 2.1.0"
"733559a5-201d-40e5-ad43-d1c7bae84d9f","Gemeten Stikstofdioxide concentraties in buitenlucht.","https://data.rivm.nl/inspire?id#505e9f1e-84bc-4856-9771-4295db998bb6","RIVM","[geodata@rivm.nl, geodata@rivm.nl]","Nederlands metadata profiel op ISO 19115 voor geografie 2.0"
"68ebd5c9-0ea1-4f22-9907-ec4c063cd3e2","Landelijk zoet en zoutwatermeetnet - Rijkswaterstaat","https://www.nationaalgeoregister.nl/geonetwork/srv/dut/catalog.search#/metadata/68ebd5c9-0ea1-4f22-9907-ec4c063cd3e2","Rijkswaterstaat","[servicedesk-data@rijkswaterstaat.nl, servicedesk-data@rijkswaterstaat.nl, , servicedesk-data@rijkswaterstaat.nl, servicedesk-data@rijkswaterstaat.nl]","Nederlands metadata profiel op ISO 19115 voor geografie 2.1.0"
"dff9c760-1380-11eb-adc1-0242ac120002","BRO - Grondwatermonitoring (GAR, GLD, GMN, GMW) onder INSPIRE","https://www.nationaalgeoregister.nl/geonetwork/srv/dut/xml.metadata.get?uuid=dff9c760-1380-11eb-adc1-0242ac120002","TNO Geologische Dienst Nederland","[support@broservicedesk.nl, support@broservicedesk.nl, beheerPDOK@kadaster.nl]","Nederlands metadata profiel op ISO 19115 voor geografie 2.1.0"
"d3c9efd6-fca7-49d6-92bb-5f507abece90","Gemeten Ammoniak concentraties in buitenlucht.","https://data.rivm.nl/inspire/id#4504a4b2-3179-44b3-a5a9-b67b693c514d","no organisationName found in dataset record","[geodata@rivm.nl, geodata@rivm.nl]","Nederlands metadata profiel op ISO 19115 voor geografie 2.0"
"3703b249-a0eb-484e-ba7a-10e31a55bcec","Invasieve Exoten (INSPIRE Geharmoniseerd)","https://www.nationaalgeoregister.nl/geonetwork/srv/api/records3703b249-a0eb-484e-ba7a-10e31a55bcec","no organisationName found in dataset record","[geodatabeheer.giscc@rvo.nl, Geodatabeheer.GISCC@rvo.nl]","Nederlands metadata profiel op ISO 19115 voor geografie 2.1.0"
"af135cd8-d429-4fc7-b9e3-09e15217520d","Gemeten fijnere fractie van Fijn stof concentraties in buitenlucht.","https://data.rivm.nl/inspire/id#df9bc66f-941b-4c38-a104-1b8d940a53db","no organisationName found in dataset record","[geodata@rivm.nl, geodata@rivm.nl]","Nederlands metadata profiel op ISO 19115 voor geografie 2.0"
"5800f3b0-2ea2-4231-8165-216a7b26867f","Gemeten Koolstofmonoxide concentraties in buitenlucht.","https://data.rivm.nl/inspire/id#a3b9f437-f571-4a00-b3c3-58e4354c244f","RIVM","[geodata@rivm.nl, geodata@rivm.nl]","Nederlands metadata profiel op ISO 19115 voor geografie 2.0"
"ror-9d8e-4758-83fx-28b057f185e1","Richtlijn Overstromingsrisico - gebieden met Potentieel Significant Overstromingsrisico EU2018 vlakken","https://www.nationaalgeoregister.nl/geonetwork/srv/dut/catalog.search#/metadata/ror-9d8e-4758-83fx-28b057f185e1","Rijkswaterstaat","[servicedesk-data@rijkswaterstaat.nl, servicedesk-data@rijkswaterstaat.nl, , servicedesk-data@rijkswaterstaat.nl, servicedesk-data@rijkswaterstaat.nl]","Nederlands metadata profiel op ISO 19115 voor geografie 2.1.0"
"562127a6-0381-46b3-9ed7-10e61ec5ecb5","BRO - Bodemkundig booronderzoek (BHR-P)","https://www.nationaalgeoregister.nl/geonetwork/srv/dut/xml.metadata.get?uuid=562127a6-0381-46b3-9ed7-10e61ec5ecb5","TNO Geologische Dienst Nederland","[support@broservicedesk.nl, support@broservicedesk.nl, beheerPDOK@kadaster.nl]","Nederlands metadata profiel op ISO 19115 voor geografie 2.1.0"
"5a1adb58-0bbe-425d-b0fe-577a6c0a4228","Actueel Hoogtebestand Nederland 1 (AHN1)","https://www.nationaalgeoregister.nl/geonetwork/srv/dut/catalog.search#/metadata/5a1adb58-0bbe-425d-b0fe-577a6c0a4228","Rijkswaterstaat","[servicedesk-data@rijkswaterstaat.nl, servicedesk-data@rijkswaterstaat.nl, , servicedesk-data@rijkswaterstaat.nl, servicedesk-data@rijkswaterstaat.nl]","Nederlands metadata profiel op ISO 19115 voor geografie 2.1.0"
"c7d8d77b-8c47-4309-8c58-9b12b086407f","Natuurnetwerk Nederland","http://nationaalgeoregister.nl/geonetwork/srv/dut/csw?SERVICE=CSW&version=2.0.2&REQUEST=GetRecordById&elementSetName=full&OutputSchema=http://www.isotc211.org/2005/gmd&ID=c7d8d77b-8c47-4309-8c58-9b12b086407f","Interprovinciaal Overleg","[inspire@gbo-provincies.nl, inspire@gbo-provincies.nl, inspire@gbo-provincies.nl]","Nederlands metadata profiel op ISO 19115 voor geografie 2.0"
"cc408b2d-09a6-4b2b-9aa3-b46bfe2f00a5","Stiltegebieden","http://nationaalgeoregister.nl/geonetwork/srv/dut/csw?SERVICE=CSW&version=2.0.2&REQUEST=GetRecordById&elementSetName=full&OutputSchema=http://www.isotc211.org/2005/gmd&ID=cc408b2d-09a6-4b2b-9aa3-b46bfe2f00a5","Interprovinciaal Overleg","[inspire@gbo-provincies.nl, inspire@gbo-provincies.nl, inspire@gbo-provincies.nl]","Nederlands metadata profiel op ISO 19115 voor geografie 2.0"
"71c2b7d2-a1a8-4836-b8d4-7247d331b04d","CBS Provincies 2012","http://geodata.nationaalgeoregister.nl/cbsprovincies/extract/cbsprovincies.zip","Centraal Bureau voor de Statistiek","[infoservice@cbs.nl, infoservice@cbs.nl, infoservice@cbs.nl, , ]","Nederlands metadata profiel op ISO 19115 voor geografie 2.1.0"
"0d6ccccc-7cfb-4eaa-8dc5-8b433d19b121","Landbouwbedrijven","https://www.nationaalgeoregister.nl/geonetwork/srv/dut/catalog.search#/metadata/0d6ccccc-7cfb-4eaa-8dc5-8b433d19b121","no organisationName found in dataset record","[geodatabeheer.giscc@rvo.nl, gegevensvragenASB@rvo.nl, gegevensvragenASB@rvo.nl]","Nederlands metadata profiel op ISO 19115 voor geografie 2.1.0"
"73ec579e-c906-433a-b0b6-d3aa33421558","Luchtvaartinformatie","no MD_DataIdentificationCitationAnchor","Luchtverkeersleiding Nederland (LVNL)","[AIS@LVNL.NL, AIS@LVNL.nl]","Nederlands metadata profiel op ISO 19115 voor geografie 1.2"
"88a3c1ae-902e-4efa-8663-ddd836101929","Werelderfgoed","http://services.rce.geovoorziening.nl/www/download/nl.xml","Rijksdienst voor het Cultureel Erfgoed","[info@cultureelerfgoed.nl, info@cultureelerfgoed.nl, info@cultureelerfgoed.nl]","Nederlands metadata profiel op ISO 19115 voor geografie 2.1.0"
"1a40eb6f-4f33-4e15-a0b1-2d350ad2636e","Geografische Namen (INSPIRE geharmoniseerd)","http://kadaster/3bf3f7f3-8ac9-4203-bb95-2c932d5f0f3e","Kadaster","[PPB-GVA@kadaster.nl, kcc@kadaster.nl]","Nederlands metadata profiel op ISO 19115 voor geografie 2.0"
"3eebf700-5abf-42e4-826c-03cfb497e366","Vervoersnetwerken","http://kadaster/06b6c650-cdb1-11dd-ad8b-0800200c9a75","Kadaster","[PPB-GVA@kadaster.nl, kcc@kadaster.nl, kcc@kadaster.nl]","Nederlands metadata profiel op ISO 19115 voor geografie 2.0"
"64ff8561-5c56-4cc1-ae0e-94366fb70b7e","Luchtfoto 2019 25cm RGB open data","http://kadaster/2482250f-3b00-4439-9f93-f3118229b023","Kadaster","[PPB-GVA@kadaster.nl, info@hetwaterschapshuis.nl, kcc@kadaster.nl, , , , , , ]","Nederlands metadata profiel op ISO 19115 voor geografie 2.0"
"f44dac86-2228-412f-8355-e56446ca9933","Eemsmonding volgens het Eems-Dollardverdrag","https://www.nationaalgeoregister.nl/geonetwork/srv/api/recordsf44dac86-2228-412f-8355-e56446ca9933","no organisationName found in dataset record","[data@hydro.nl, data@hydro.nl, data@hydro.nl]","Nederlands metadata profiel op ISO 19115 voor geografie 2.1.0"
"be6551de-a709-4c6d-a5e2-f63f0cf038ba","Amplitude van het getij","https://www.nationaalgeoregister.nl/geonetwork/srv/api/recordsbe6551de-a709-4c6d-a5e2-f63f0cf038ba","Ministerie van Defensie, Koninklijke Marine, Dienst der Hydrografie","[data@hydro.nl, data@hydro.nl, data@hydro.nl, ]","Nederlands metadata profiel op ISO 19115 voor geografie 2.1.0"
"9ed6b8ed-254a-4745-a09a-3b57137d1b69","Luchtfoto 2019 25cm CIR open data","http://kadaster/2482250f-3b00-4439-9f93-f3118229b024","Kadaster","[PPB-GVA@kadaster.nl, info@hetwaterschapshuis.nl, kcc@kadaster.nl, , , , , , ]","Nederlands metadata profiel op ISO 19115 voor geografie 2.0"
"7f5d7945-8fa8-4d36-be4c-2fdb3c7d613b","Luchtfoto 2018 25cm CIR open data","http://kadaster/2482250f-3b00-4439-9f93-f3118229b021","Kadaster","[PPB-GVA@kadaster.nl, info@hetwaterschapshuis.nl, kcc@kadaster.nl, , , , , , ]","Nederlands metadata profiel op ISO 19115 voor geografie 2.0"
"f1d27179-36eb-4376-8048-f51d2eb23a09","Nederlands deel PSSA Waddenzee","https://www.nationaalgeoregister.nl/geonetwork/srv/api/recordsf1d27179-36eb-4376-8048-f51d2eb23a09","no organisationName found in dataset record","[data@hydro.nl, data@hydro.nl, data@hydro.nl, , ]","Nederlands metadata profiel op ISO 19115 voor geografie 2.1.0"
"uwwtd-9d8e-4758-83fa-28b057f185e3","Richtlijn Stedelijk Afvalwater - rioolwaterzuiveringsinstallaties Nederland EU2015","https://www.nationaalgeoregister.nl/geonetwork/srv/dut/catalog.search#/metadata/uwwtd-9d8e-4758-83fa-28b057f185e3","Rijkswaterstaat","[servicedesk-data@rijkswaterstaat.nl, servicedesk-data@rijkswaterstaat.nl, , servicedesk-data@rijkswaterstaat.nl, servicedesk-data@rijkswaterstaat.nl]","Nederlands metadata profiel op ISO 19115 voor geografie 2.1.0"
"bb11be63-bd38-4632-bf54-df44c423a529","Territoriale Zee volgens UNCLOS - Noordzee","https://www.nationaalgeoregister.nl/geonetwork/srv/api/recordsbb11be63-bd38-4632-bf54-df44c423a529","Ministerie van Defensie, Koninklijke Marine, Dienst der Hydrografie","[data@hydro.nl, data@hydro.nl, data@hydro.nl, , ]","Nederlands metadata profiel op ISO 19115 voor geografie 2.0"
"f0c1a66c-f2d4-4686-8aeb-d02d509a6b25","BRO Geotechnisch Sondeeronderzoek","http://nationaalgeoregister.nl/geonetwork/srv/dut/csw?SERVICE=CSW&version=2.0.2&REQUEST=GetRecordById&elementSetName=full&OutputSchema=http://www.isotc211.org/2005/gmd&ID=f0c1a66c-f2d4-4686-8aeb-d02d509a6b25","TNO Geologische Dienst Nederland","[info@dinoloket.nl, info@dinoloket.nl, info@dinoloket.nl]","Nederlandse metadata profiel op ISO 19115 voor geografie 2.0"
"e8b84fae-00b3-49c1-80c1-df8f69f64e8c","EEZ volgens UNCLOS - Noordzee","https://www.nationaalgeoregister.nl/geonetwork/srv/api/recordse8b84fae-00b3-49c1-80c1-df8f69f64e8c","Ministerie van Defensie, Koninklijke Marine, Dienst der Hydrografie","[data@hydro.nl, data@hydro.nl, data@hydro.nl, , ]","Nederlands metadata profiel op ISO 19115 voor geografie 2.0"
"ad6caa40-89ab-47e3-85ab-3f8e32024a71","Emissies naar lucht en water in 2011 vanuit de industrie","https://data.rivm.nl/inspire/id#6e6bf543-e1e3-468d-afae-e88618ad9a65","no organisationName found in dataset record","[emissieregistratie@rivm.nl, , emissieregistratie@rivm.nl]","Nederlands metadata profiel op ISO 19115 voor geografie 2.0"
"14657c9b-91e4-4355-8563-2911ad0e78e4","Vervoersnetwerken - Gemeenschappelijke elementen (INSPIRE geharmoniseerd)","http://kadaster/7cdfa80a-cfbf-4324-978d-f1f141756b66","Kadaster","[PPB-GVA@kadaster.nl, kcc@kadaster.nl]","Nederlands metadata profiel op ISO 19115 voor geografie 2.0"
"64c987ec-dce6-11e3-8563-901b0e19e163","Actuele synoptische weerwaarnemingen KNMI Nederland per 10 minuten (24 uur)","https://www.nationaalgeoregister.nl/geonetwork/srv/api/records1b2abd21-3084-4db7-ab49-46866b4aac2b","Koninklijk Nederlands Meteorologisch Instituut (KNMI)","[datacentrum@knmi.nl, datacentrum@knmi.nl, datacentrum@knmi.nl]","Nederlands metadata profiel op ISO 19115 voor geografie 2.0"
"93bdffb9-09c3-4c4f-9a55-cbb0f52837c4","Gecontroleerde klimatologische daggegevens KNMI Nederland","no MD_DataIdentificationCitationAnchor","Koninklijk Nederlands Meteorologisch Instituut (KNMI)","[datacentrum@knmi.nl, datacentrum@knmi.nl]","2005/PDAM1"
"b90d988e-ef89-4fc7-bd1b-7a42571e09b5","Gecontroleerde klimatologische daggegevens KNMI Nederland","no MD_DataIdentificationCitationAnchor","Koninklijk Nederlands Meteorologisch Instituut (KNMI)","[datacentrum@knmi.nl, datacentrum@knmi.nl]","2005/PDAM1"
"329867eb-9929-48c2-9cf8-fbad7bfe8841","(T) KNMI Netwerk van waarneemstations","no MD_DataIdentificationCitationAnchor","KNMI","[datacentrum@knmi.nl, datacentrum@knmi.nl]","2005/PDAM1"
"3ad44dca-c0b2-4d61-a650-2cba6cce1061","(T) KNMI Aardbevingen Nederland  - INSPIRE Natural Harzards","no MD_DataIdentificationCitationAnchor","Koninklijk Nederlands Meteorologisch Instituut (KNMI)","[datacentrum@knmi.nl, datacentrum@knmi.nl]","2005/PDAM1"
"789d404e-ce2f-4ac0-8182-ec04ed1fe954","Gecontroleerde klimatologische daggegevens KNMI Nederland","no MD_DataIdentificationCitationAnchor","Koninklijk Nederlands Meteorologisch Instituut (KNMI)","[datacentrum@knmi.nl, datacentrum@knmi.nl]","2005/PDAM1"
"3645f08b-650f-49dc-8574-3fa6d69ef334","Gecontroleerde klimatologische daggegevens KNMI Nederland","no MD_DataIdentificationCitationAnchor","Koninklijk Nederlands Meteorologisch Instituut (KNMI)","[datacentrum@knmi.nl, datacentrum@knmi.nl]","2005/PDAM1"
"a7f80170-185b-442e-afcb-1304dd437f61","Gecontroleerde klimatologische daggegevens KNMI Nederland","no MD_DataIdentificationCitationAnchor","Koninklijk Nederlands Meteorologisch Instituut (KNMI)","[datacentrum@knmi.nl, datacentrum@knmi.nl]","2005/PDAM1"
"04a6b0c6-7c2c-4164-9e12-e5ac903ea837","Gecontroleerde klimatologische daggegevens KNMI Nederland","no MD_DataIdentificationCitationAnchor","Koninklijk Nederlands Meteorologisch Instituut (KNMI)","[datacentrum@knmi.nl, datacentrum@knmi.nl]","2005/PDAM1"
"0ff6ca4a-4e0a-4b8c-9588-535842ca9f7b","Gecontroleerde klimatologische daggegevens KNMI Nederland","no MD_DataIdentificationCitationAnchor","Koninklijk Nederlands Meteorologisch Instituut (KNMI)","[datacentrum@knmi.nl, datacentrum@knmi.nl]","2005/PDAM1"
"49ab8bee-b467-486a-96ca-b950443c453a","Beschermde gebieden - Provincies (INSPIRE geharmoniseerd)","http://nationaalgeoregister.nl/geonetwork/srv/dut/csw?SERVICE=CSW&version=2.0.2&REQUEST=GetRecordById&elementSetName=full&OutputSchema=http://www.isotc211.org/2005/gmd&ID=49ab8bee-b467-486a-96ca-b950443c453a","Interprovinciaal Overleg","[inspire@gbo-provincies.nl, inspire@gbo-provincies.nl, inspire@gbo-provincies.nl]","Nederlands metadata profiel op ISO 19115 voor geografie 2.1.0"
"a57cb859-c4fe-444c-adc6-be14cb2bbf38","Geluidbelasting rijkswegen in Nederland 2006 (nacht gemiddelde)","https://www.nationaalgeoregister.nl/geonetwork/srv/dut/catalog.search#/metadata/a57cb859-c4fe-444c-adc6-be14cb2bbf38","Rijkswaterstaat","[servicedesk-data@rijkswaterstaat.nl, servicedesk-data@rijkswaterstaat.nl, , servicedesk-data@rijkswaterstaat.nl, servicedesk-data@rijkswaterstaat.nl]","Nederlands metadata profiel op ISO 19115 voor geografie 2.1.0"
"60a2a7c2-d5b3-4ad5-b562-c448695357fb","Nationale Landschappen","http://nationaalgeoregister.nl/geonetwork/srv/dut/csw?SERVICE=CSW&version=2.0.2&REQUEST=GetRecordById&elementSetName=full&OutputSchema=http://www.isotc211.org/2005/gmd&ID=60a2a7c2-d5b3-4ad5-b562-c448695357fb","Interprovinciaal Overleg","[inspire@gbo-provincies.nl, inspire@gbo-provincies.nl, inspire@gbo-provincies.nl]","Nederlands metadata profiel op ISO 19115 voor geografie 2.0"
"ca94a0cb-7561-4a10-a7d6-b840e56c33ff","Provinciale monumenten","http://nationaalgeoregister.nl/geonetwork/srv/dut/csw?SERVICE=CSW&version=2.0.2&REQUEST=GetRecordById&elementSetName=full&OutputSchema=http://www.isotc211.org/2005/gmd&ID=ca94a0cb-7561-4a10-a7d6-b840e56c33ff","Interprovinciaal Overleg","[inspire@gbo-provincies.nl, inspire@gbo-provincies.nl, inspire@gbo-provincies.nl]","Nederlands metadata profiel op ISO 19115 voor geografie 2.0"
"f002bfc5-7d87-46b6-819e-8415422b65c9","Aardkundige waarden","http://nationaalgeoregister.nl/geonetwork/srv/dut/csw?SERVICE=CSW&version=2.0.2&REQUEST=GetRecordById&elementSetName=full&OutputSchema=http://www.isotc211.org/2005/gmd&ID=f002bfc5-7d87-46b6-819e-8415422b65c9","Interprovinciaal Overleg","[inspire@gbo-provincies.nl, inspire@gbo-provincies.nl, inspire@gbo-provincies.nl]","Nederlands metadata profiel op ISO 19115 voor geografie 2.0"
"f0821bfe-5a0a-11e9-8647-d663bd873d93","NB-wetgebieden buiten Natura 2000","http://nationaalgeoregister.nl/geonetwork/srv/dut/csw?SERVICE=CSW&version=2.0.2&REQUEST=GetRecordById&elementSetName=full&OutputSchema=http://www.isotc211.org/2005/gmd&ID=f0821bfe-5a0a-11e9-8647-d663bd873d93","Interprovinciaal Overleg","[inspire@gbo-provincies.nl, inspire@gbo-provincies.nl, inspire@gbo-provincies.nl]","Nederlands metadata profiel op ISO 19115 voor geografie 2.0"
"fe2f9091-1962-4073-9e3b-3e4aeed488a5","Beperkingen voor voertuigen (INSPIRE geharmoniseerde data)","https://www.nationaalgeoregister.nl","RDW","[ontheffingen@rdw.nl, ontheffingen@rdw.nl, , ]","Nederlandse metadata profiel op ISO 19115 voor geografie 2.0"
"1be28290-55fa-4486-b9d3-b9d147117863","Luchtfoto 2016 25cm CIR open data","http://kadaster/2482250f-3b00-4439-9f93-f3118229b015","Kadaster","[PPB-GVA@kadaster.nl, info@hetwaterschapshuis.nl, kcc@kadaster.nl, , , , , , ]","Nederlands metadata profiel op ISO 19115 voor geografie 2.0"
"df15af6e-0d21-4437-a69f-802be3479bba","Luchtfoto 2016 25cm RGB open data","http://kadaster/2482250f-3b00-4439-9f93-f3118229b014","Kadaster","[PPB-GVA@kadaster.nl, info@hetwaterschapshuis.nl, kcc@kadaster.nl, , , , , , ]","Nederlands metadata profiel op ISO 19115 voor geografie 2.0"
"00d8c7c8-98ff-4b06-8f53-b44216e6e75c","NWB - Vaarwegen (Nationaal Wegenbestand)","https://www.nationaalgeoregister.nl/geonetwork/srv/dut/catalog.search#/metadata/00d8c7c8-98ff-4b06-8f53-b44216e6e75c","Rijkswaterstaat","[servicedesk-data@rijkswaterstaat.nl, servicedesk-data@rijkswaterstaat.nl, , servicedesk-data@rijkswaterstaat.nl, servicedesk-data@rijkswaterstaat.nl]","Nederlands metadata profiel op ISO 19115 voor geografie 2.1.0"
"daa63e4c-dce6-11e3-991e-901b0e19e163","Gecontroleerde klimatologische daggegevens KNMI Nederland","https://www.nationaalgeoregister.nl/geonetwork/srv/api/records6e4a2001-fef7-471c-8286-4f859bc1131e","Koninklijk Nederlands Meteorologisch Instituut (KNMI)","[datacentrum@knmi.nl, datacentrum@knmi.nl, datacentrum@knmi.nl]","Nederlands metadata profiel op ISO 19115 voor geografie 2.0"
"280ed37a-b8d2-4ac5-8567-04d84fad3a41","Natura 2000 (INSPIRE geharmoniseerd)","http://nationaalgeoregister.nl/geonetwork/srv/dut/catalog.search#/metadata/280ed37a-b8d2-4ac5-8567-04d84fad3a41","no organisationName found in dataset record","[geodatabeheer.giscc@rvo.nl, geodatabeheer.giscc@rvo.nl, beheer@pdok.nl]","Nederlands metadata profiel op ISO 19115 voor geografie 2.0"
"7b82accd-c225-430a-b235-adc856422864","Overzicht van Nederlandse seismologische meetstations","no MD_DataIdentificationCitationAnchor","Koninklijk Nederlands Meteorologisch Instituut (KNMI)","[datacentrum@knmi.nl, datacentrum@knmi.nl]","2005/PDAM1"
