"DATASETIDENTIFIERCODE","ERRORMESSAGE","PROTOCOLGROUP","SERVICEORGANISATION","SERVICESLIST","TITLE"
"adn73c4a-ef03-4785-b7f6-942e86b385f7","","10010","Rijkswaterstaat","adn573b0-bd3b-4d7b-a97d-e65841e6e0b2|Bathymetrie Nederland - binnenwateren WCS adn573b0-bd3b-4d7b-a97d-e65841e6e0b4|Bathymetrie Nederland - binnenwateren WMS","Bathymetrie Nederland - binnenwateren"
"adn73c4a-ef03-4785-b7f6-942e86b385f5","","10010","Rijkswaterstaat","adn573b0-bd3b-4d7b-a97d-e65841e6e0b3|Bathymetrie Nederland - kust WMS adn573b0-bd3b-4d7b-a97d-e65841e6e0b1|Bathymetrie Nederland - kust WCS","Bathymetrie Nederland - kust"
"88a3c1ae-902e-4efa-8663-ddd836101929","","110","Rijksdienst voor het Cultureel Erfgoed","ef2a7962-8bb4-483f-ac78-851b619f357f|INSPIRE Download service Beschermde gebieden 49ff0584-a173-4098-824c-119edf8447f7|INSPIRE View service Beschermde gebieden","Werelderfgoed"
"f91c6ad6-62a5-46d0-8a5b-8a62e7a4b833","","100000","Rijksinstituut voor Volksgezondheid en Milieu","f39d198a-1e69-43cc-b359-cc60a8c22d28|Meetwaarden van Luchtkwaliteitsstations in Nederland.","Gemeten Stikstofmonoxide concentraties in buitenlucht."
"d3c9efd6-fca7-49d6-92bb-5f507abece90","","100100","Rijksinstituut voor Volksgezondheid en Milieu","f39d198a-1e69-43cc-b359-cc60a8c22d28|Meetwaarden van Luchtkwaliteitsstations in Nederland. b5ee6914-04bd-4c7e-a180-242371ae40d9|INSPIRE download service RIVM","Gemeten Ammoniak concentraties in buitenlucht."
"df5ee213-e1bd-433b-80f7-4ea20f493ca8","","0","service organisation not found","","Zwemwaterkwaliteit (provinciaal en Rijkswateren) uit {Zwemwaterregister}"
"a5241416-8401-4623-be61-57ef50447a41","","111","Ministerie van Defensie, Koninklijke Marine, Dienst der Hydrografie","060d1139-c371-4c1e-9890-55999adfa4f9|Maritieme grenzen - Noordzee - Viewservice 5be1b57b-2cac-4119-92eb-700346543d47|Maritieme grenzen - Noordzee - Downloadservice 0bb27a13-76f1-4374-8d44-76e937198e8d|Maritieme grenzen - Noordzee - ATOM","Maritieme grenzen - Noordzee"
"71c2b7d2-a1a8-4836-b8d4-7247d331b04d","","111","Beheer PDOK","9699058e-707e-41df-93b5-ff75654d32b2|CBS Provincies WMS c226f573-4b39-4cbd-b84b-01f308e70972|CBS Provincies WFS 9ff1a13c-d1e0-4150-8523-91cb489ae1a4|INSPIRE download service PDOK","CBS Provincies 2012"
"uwwtd-9d8e-4758-83fa-28b057f185e3","","111","Beheer PDOK","108fec55-e467-4d04-ab35-fd0d7060e3e2|Richtlijn Stedelijk Afvalwater EU2015 WMS 280cee65-1b66-4973-a569-75122e0b745b|Richtlijn Stedelijk Afvalwater EU2015 WFS c21c6bf5-8899-4b46-8986-0f65eca05ed0|Richtlijn Stedelijk Afvalwater EU2015 ATOM","Richtlijn Stedelijk Afvalwater - rioolwaterzuiveringsinstallaties Nederland EU2015"
"a1960e70-22f4-4fd9-91a8-b605c6ceda3e","","0","service organisation not found","","Kaderrichtlijn Water - Oppervlaktewaterlichamen Nederland EU2015 riviernetwerk"
"wt-f5eb-b09f-4f6d-8397-8878a1b86238","","111","Rijkswaterstaat","wt-f5eb-b09f-4f6d-8397-8878a1m86238|Menselijke gezondheid en veiligheid - geluidbelasting rijkswegen 2011 (INSPIRE geharmoniseerd) WMS wt-f5eb-b09f-4f6d-8397-8878a1t86238|Menselijke gezondheid en veiligheid - geluidbelasting rijkswegen 2011 (INSPIRE geharmoniseerd) ATOM wt-f5eb-b09f-4f6d-8397-8878a1f86238|Menselijke gezondheid en veiligheid - geluidbelasting rijkswegen 2011 (INSPIRE geharmoniseerd) WFS","Menselijke gezondheid en veiligheid - geluidbelasting rijkswegen 2011 (INSPIRE geharmoniseerd)"
"uwwtd-9d8e-4758-83fa-28b057f185e2","","111","Beheer PDOK","108fec55-e467-4d04-ab35-fd0d7060e3e2|Richtlijn Stedelijk Afvalwater EU2015 WMS 280cee65-1b66-4973-a569-75122e0b745b|Richtlijn Stedelijk Afvalwater EU2015 WFS c21c6bf5-8899-4b46-8986-0f65eca05ed0|Richtlijn Stedelijk Afvalwater EU2015 ATOM","Richtlijn Stedelijk Afvalwater - lozingspunten Nederland EU2015"
"58e7dc38-a498-4852-b4ef-908f5baa9056","","0","service organisation not found","","Begrenzingen van vergunde ontgrondingsgebieden voor zand- en grindwinning"
"uwwtd-9d8e-4758-83fa-28b057f185e1","","111","Beheer PDOK","108fec55-e467-4d04-ab35-fd0d7060e3e2|Richtlijn Stedelijk Afvalwater EU2015 WMS 280cee65-1b66-4973-a569-75122e0b745b|Richtlijn Stedelijk Afvalwater EU2015 WFS c21c6bf5-8899-4b46-8986-0f65eca05ed0|Richtlijn Stedelijk Afvalwater EU2015 ATOM","Richtlijn Stedelijk Afvalwater - agglomeraties Nederland EU2015"
"f5f68d51-2ca4-4897-8227-d3938b2b0a7e","","0","service organisation not found","","Afvalinrichtingen inclusief nucleaire inrichtingen"
"2d3dd6d2-2d2b-4b5f-9e30-86e19ed77a56","","111","Beheer PDOK","db1e010a-96f8-453e-b63c-9c27d6273157|CBS Bestand Bodemgebruik 2015 WMS 25a99d92-ea8a-4163-82ab-3521c9b0c96b|CBS Bestand Bodemgebruik 2015 WFS 9ff1a13c-d1e0-4150-8523-91cb489ae1a4|INSPIRE download service PDOK","Bestand Bodemgebruik 2015"
"3d59fd06-9aec-4744-91e7-65e119f74569","","11","Beheer PDOK","0bc2bcb8-558b-446b-b4e2-381b13d483a8|Mossel- en oesterhabitats WMS aaf53e6f-fe99-4a86-a61c-50b128412d80|Mossel- en oesterhabitats WFS","Mossel- en oesterhabitats (AS IS)"
"25294679-adb9-4c39-a93b-6954ff9414ac","","0","service organisation not found","","Waterstanden en afvoeren verwacht - Rijkswaterstaat"
"f2f86edf-ac3a-48e8-9292-0544da2d7645","","111","Rijksinstituut voor Volksgezondheid en Milieu","95e2c712-1b91-4f24-9453-c56b95227717|Emissies naar het riool in 2015 vanuit de industrie (WMS) 0606e8cb-fa51-402c-a3be-19fd724b0a10|Emissies naar het riool in 2015 vanuit de industrie (WFS) b5ee6914-04bd-4c7e-a180-242371ae40d9|INSPIRE download service RIVM","Emissies naar het riool in 2015 vanuit de industrie"
"e80ad426-1392-4349-9f80-14dae5f1bf57","","110","Beheer PDOK","e258f171-6f56-4d4d-8311-027b30213c2d|Cadastral parcels (INSPIRE geharmoniseerd) WMS e222648d-d19e-4a99-a67d-2af1c9aabd75|Cadastral parcels (INSPIRE geharmoniseerd) ATOM","Kadastrale Percelen (INSPIRE geharmoniseerd)"
"891ddc2d-8949-4a45-be96-c65b87c41f13","","110","Informatiehuis Water","ef2a7962-8bb4-483f-ca52-85123f579|Meetlocaties Waterkwaliteit, KRW waterlichamen en stroomgebied districten - Atom feed 539ec652-482d-4806-a830-0458cf8be477|Meetlocaties waterkwaliteit - WMS","Kaderrichtlijn Water - Monitoringlocaties Nederland EU2015"
"cd839edf-7b81-4c0b-8a99-f774d328603f","","0","service organisation not found","","Kadastrale Percelen"
"08b27bf0-e34a-4b30-9eac-5edadfb6a288","","111","Rijksinstituut voor Volksgezondheid en Milieu","03c39474-aef9-4169-95da-9890af440b14|Afgevoerde hoeveelheid afval in 2015 vanuit de industrie (WFS) c56433ca-35f2-4aaf-8bfa-35d8e0e52dda|Afgevoerde hoeveelheid afval in 2015 vanuit de industrie (WMS) b5ee6914-04bd-4c7e-a180-242371ae40d9|INSPIRE download service RIVM","Afgevoerde hoeveelheid afval in 2015 vanuit de industrie"
"80630ee7-3a15-4ea0-bdc0-a8aebfa2f204","","210","TNO Geologische Dienst Nederland","2dd6c9df-bb47-40eb-af39-2d17f09b9bb9|Oppervlaktegeologie, Geologische kaart onder INSPIRE, viewservice 77971fa3-f869-4726-969a-482e0b1a8c5d|Oppervlaktegeologie, Geologische kaart onder INSPIRE, downloadservice 13e4dff0-1e80-11e2-81c1-0800200c9a66|INSPIRE download service van TNO GDN","Oppervlaktegeologie, Geologische kaart onder INSPIRE"
"32a21114-8694-40ce-ab76-9dcd885c7861","","111","Rijksinstituut voor Volksgezondheid en Milieu","a6098c24-4caf-4528-954c-672b9ec6cf78|Kwaliteit van drinkwater in Nederland (2012) (WMS) f59357eb-185f-42a5-b465-90bfa6e3e416|Kwaliteit van drinkwater in Nederland (2012) (WFS) b5ee6914-04bd-4c7e-a180-242371ae40d9|INSPIRE download service RIVM","Kwaliteit van drinkwater in Nederland (2012)"
"b646c62e-f763-4b96-8b87-009abc0102f8","","0","service organisation not found","","Nutsdiensten en overheidsdiensten"
"ca94a0cb-7561-4a10-a7d6-b840e56c33ff","","110","Beheer PDOK","93c8762c-4cbb-42b0-9b02-89ef902e8880|Beschermde gebieden - Provincies (INSPIRE geharmoniseerd) ATOM V1 25c69c01-8dfa-406f-bbcb-24feba25dcc6|Beschermde gebieden - Provincies (INSPIRE geharmoniseerd) WMS V1","Provinciale monumenten"
"28c4780a-1a44-4376-b283-14a50a481729","","11","Beheer PDOK","9c4862c3-0bab-49c3-bc2f-ac5486826766|Habitatrichtlijn verspreiding van soorten WFS 1ce74355-763a-481d-b9d7-aaafbf0d7d53|Habitatrichtlijn verspreiding van soorten WMS","Habitatrichtlijn verspreiding van soorten"
"7c24ea89-074e-4c4f-91e3-d38e813e9cb6","","10","Beheer PDOK","d7a395a2-8673-4794-a5a6-fed6492cd580|Luchtfoto Beeldmateriaal / PDOK 25 cm Infrarood WMS","Luchtfoto 2017 25cm CIR open data"
"ad6caa40-89ab-47e3-85ab-3f8e32024a71","","111","Rijksinstituut voor Volksgezondheid en Milieu","cd370f58-0e54-48d6-b83b-ccd332bfb7c7|Emissies naar lucht en water in 2011 vanuit de industrie (WMS) fbe544b6-6e6f-43a0-80b9-ced1df78c434|Emissies naar lucht en water in 2011 vanuit de industrie (WFS) b5ee6914-04bd-4c7e-a180-242371ae40d9|INSPIRE download service RIVM","Emissies naar lucht en water in 2011 vanuit de industrie"
"fe2f9091-1962-4073-9e3b-3e4aeed488a5","","100","RDW","b85d4a0a-c0f7-42f4-9316-b214d205ca38|Beperkingen voor voertuigen (INSPIRE download-service)","Beperkingen voor voertuigen (INSPIRE geharmoniseerde data)"
"49ab8bee-b467-486a-96ca-b950443c453a","","110","Beheer PDOK","93c8762c-4cbb-42b0-9b02-89ef902e8880|Beschermde gebieden - Provincies (INSPIRE geharmoniseerd) ATOM V1 25c69c01-8dfa-406f-bbcb-24feba25dcc6|Beschermde gebieden - Provincies (INSPIRE geharmoniseerd) WMS V1","Beschermde gebieden - Provincies (INSPIRE geharmoniseerd)"
"f273941e-9c3b-43bc-b886-2d50d0bf9348","","11","Beheer PDOK","1fa220c2-5f2e-4943-a57e-c291cc35084b|Habitatrichtlijn verspreidingsgebied van soorten WMS 4f4c7848-1767-4c67-be08-87d45d07f313|Habitatrichtlijn verspreidingsgebied van soorten WFS","Habitatrichtlijn verspreidingsgebied van soorten"
"9ed6b8ed-254a-4745-a09a-3b57137d1b69","","10","Beheer PDOK","d7a395a2-8673-4794-a5a6-fed6492cd580|Luchtfoto Beeldmateriaal / PDOK 25 cm Infrarood WMS","Luchtfoto 2019 25cm CIR open data"
"c2225e5d-b46f-4e38-8445-ab10fd40c0dc","","11","Ministerie van Defensie, Koninklijke Marine, Dienst der Hydrografie","c35c7421-f3ef-4bfb-afcc-ca15d03b8e6f|Blokindeling van het Nederlands Continentaal Plat-Viewservice volgens de Mijnbouwwet en Grensgebied volgens de Aanvullende Overeenkomst bij het Eems-Dollardverdrag a4c5aa6c-6c7f-45d7-9799-011edd83d9c2|Blokindeling van het Nederlands Continentaal Plat-Downloadservice volgens de Mijnbouwwet en Grensgebied volgens de Aanvullende Overeenkomst bij het Eems-Dollardverdrag","Blokindeling van het Nederlands Continentaal Plat volgens de Mijnbouwwet en Grensgebied volgens de Aanvullende Overeenkomst bij het Eems-Dollardverdrag"
"3387ef8a-9237-453a-aa4e-585d1e193550","","11","Beheer PDOK","7ab53b91-9df1-4c39-ba0e-06ec80ce512b|Beschermde gebieden - CDDA (INSPIRE geharmoniseerd) WMS b023459a-9f0e-4d53-8059-a794119abbed|Beschermde gebieden - CDDA (INSPIRE geharmoniseerd) WFS","Nationaal Beschermde Gebieden (CDDA) (INSPIRE geharmoniseerd)"
"e1e99000-ec47-4e9f-84a5-adad24fef0dc","","111","Rijksinstituut voor Volksgezondheid en Milieu","f0eb64f9-8888-42e1-9550-bf91c32da4bc|Natuurlijke alfa activiteitsconcentratie in lucht Nationaal Meetnet Radioactiviteit 2011 (WMS) 5d3fc8f8-5cb4-42e2-8f9b-62c147f36cc5|Natuurlijke alfa activiteitsconcentratie in lucht Nationaal Meetnet Radioactiviteit 2011 (WFS) b5ee6914-04bd-4c7e-a180-242371ae40d9|INSPIRE download service RIVM","Natuurlijke alfa activiteitsconcentratie in lucht Nationaal Meetnet Radioactiviteit 2011"
"4cda487b-c467-490c-a843-6563fec016be","","110","Ministerie van Defensie, Koninklijke Marine, Dienst der Hydrografie","2d1860f2-f8ba-457e-bd64-93cdabd69aee|Aansluitende Zone volgens UNCLOS - Noordzee - Viewservice efb5222c-112a-4c57-9bbf-f2af918cb9b5|Aansluitende Zone volgens UNCLOS - Noordzee - ATOM","Aansluitende zone volgens UNCLOS - Noordzee"
"e3b0da1e-0664-4025-b3f5-a54d74a26450","","11","TNO Geologische Dienst Nederland","e5ef707f-6458-4567-8d2c-d24fe88ab5e9|zoutvelden en zoutproductieputten onder INSPIRE, viewservice 73286af2-d0f4-4a62-9455-86ffa45ef279|zoutvelden en zoutproductieputten onder INSPIRE, downloadservice","Zoutvelden en zoutproductieputten onder INSPIRE"
"a7fb2234-f7b4-4a03-b282-f10947f42fb1","","11","TNO Geologische Dienst Nederland","7b4a0b26-5885-45cd-a99d-27887cff68e5|Kaart van de bodemopbouw in Nederland 1:50.000 onder INSPIRE , viewservice dd414384-0bcb-4188-86e2-2843e12a579e|Kaart van de bodemopbouw in Nederland 1:50.000 onder INSPIRE , downloadservice","Kaart van de bodemopbouw in Nederland 1:50.000 onder INSPIRE"
"68ebd5c9-0ea1-4f22-9907-ec4c063cd3e2","","11","Rijkswaterstaat","68ebd5c9-0ea1-4f22-9907-ec4c06mcd3e2|Landelijk zoet en zoutwatermeetnet - Rijkswaterstaat WMS 68ebd5c9-0ea1-4f22-9907-ec4c06fcd3e2|Landelijk zoet en zoutwatermeetnet - Rijkswaterstaat WFS","Landelijk zoet en zoutwatermeetnet - Rijkswaterstaat"
"f002bfc5-7d87-46b6-819e-8415422b65c9","","110","Beheer PDOK","93c8762c-4cbb-42b0-9b02-89ef902e8880|Beschermde gebieden - Provincies (INSPIRE geharmoniseerd) ATOM V1 25c69c01-8dfa-406f-bbcb-24feba25dcc6|Beschermde gebieden - Provincies (INSPIRE geharmoniseerd) WMS V1","Aardkundige waarden"
"f44dac86-2228-412f-8355-e56446ca9933","","11","Ministerie van Defensie, Koninklijke Marine, Dienst der Hydrografie","a12ae6ca-b755-4707-884f-95c0d66f431a|Eemsmonding volgens het Eems-Dollardverdrag-Viewservice c7dad4b9-42a8-452f-a33b-d4938ed22142|Eemsmonding volgens het Eems-Dollardverdrag-Downloadservice","Eemsmonding volgens het Eems-Dollardverdrag"
"5a1adb58-0bbe-425d-b0fe-577a6c0a4228","","10110","Beheer PDOK","c3ee15e4-38bf-4d54-9c0b-cfe0e609d448|Actueel Hoogtebestand Nederland 1 (AHN1) WMS 9ff1a13c-d1e0-4150-8523-91cb489ae1a4|INSPIRE download service PDOK f20e948e-9e22-4b5a-96a1-f3cc1d16b808|Actueel Hoogtebestand Nederland 1 (AHN1) WCS","Actueel Hoogtebestand Nederland 1 (AHN1)"
"710c381c-ab2d-45d5-a45d-af2eba811e5f","","111","Beheer PDOK","578f993f-4d0b-4c4a-a08b-dfa9e1d1376e|Nationaal Hydrologisch Instrumentarium (NHI) netwerkschematisaties WFS 8abcd2d1-3beb-43e5-a572-2b2da05a0a98|Nationaal Hydrologisch Instrumentarium (NHI) netwerkschematisaties WMS 9ff1a13c-d1e0-4150-8523-91cb489ae1a4|INSPIRE download service PDOK","Nationaal Hydrologisch Instrumentarium (NHI) - netwerkschematisatie"
"6050578f-0010-4bfa-b013-c8617b80ba62","","11","TNO Geologische Dienst Nederland","5471a93b-cf18-43f5-9ddb-71987857435d|Grondwatersamenstellinggegevens KRW meetronde 2012 onder INSPIRE, downloadservice 664862cb-d426-4ee4-97ac-14c12b903b54|Grondwatersamenstellinggegevens KRW meetronde 2012 onder INSPIRE, viewservice","Grondwatersamenstellinggegevens KRW meetronde 2012 onder INSPIRE"
"2daad588-11ef-47de-9832-6fe2c3b93e6d","","0","service organisation not found","","Overstromingsrisicokaarten"
"krw2006-68b5-4ff3-94a4-9c24109ffd5e","","110","Beheer PDOK","7e450110-f643-4b73-9262-4f13966cffc6|Kaderrichtlijn Water EU2009 WMS e91719b1-a139-42cf-8a1a-db78cd7477f8|Kaderrichtlijn Water EU2009 ATOM","Kaderrichtlijn Water - Oppervlaktewaterlichamen Nederland EU2009 vlakken"
"1a40eb6f-4f33-4e15-a0b1-2d350ad2636e","","11","Beheer PDOK","7e87a655-c4eb-404d-9d0a-efa2dccef7cc|Geografische Namen (INSPIRE geharmoniseerd) WFS ce963e61-779f-470f-a99d-48d9796e5ba3|Geografische Namen (INSPIRE geharmoniseerd) WMS","Geografische Namen (INSPIRE geharmoniseerd)"
"daa63e4c-dce6-11e3-991e-901b0e19e163","","110","Koninklijk Nederlands Meteorologisch Instituut (KNMI)","18e052b6-dce6-11e3-9e6e-901b0e19e163|Download Service voor KNMI INSPIRE Annex III datasets bf56537a-dce6-11e3-82c1-901b0e19e163|View service voor gecontroleerde klimatologische daggegevens KNMI Nederland","Gecontroleerde klimatologische daggegevens KNMI Nederland"
"6c1cf452-8c62-4046-99ab-640a5e184f9c","","11","TNO Geologische Dienst Nederland","68505be5-45c4-4889-a82a-125043bbdc44|Geologisch booronderzoek onder INSPIRE, downloadservice 1a8d5470-8c5e-477a-ab6b-4893b6d21ab6|Geologisch booronderzoek onder INSPIRE, viewservice","Geologisch booronderzoek onder INSPIRE"
"8b0b02a0-1e1b-4cda-bcfe-6fa0f738e38f","","111","Rijksinstituut voor Volksgezondheid en Milieu","37308f90-e619-4b62-ae9e-e656bb3f1649|Emissies naar het riool in 2011 vanuit de industrie (WFS) b5ee6914-04bd-4c7e-a180-242371ae40d9|INSPIRE download service RIVM a02c6566-e0ad-4fc1-b217-67cc1099dea2|Emissies naar het riool in 2011 vanuit de industrie (WMS)","Emissies naar het riool in 2011 vanuit de industrie"
"b4ae622c-6201-49d8-bd2e-f7fce9206a1e","","11","Beheer PDOK","0e2580b7-2a15-41a2-b1b6-361265e4f5f4|Gebouwen (INSPIRE geharmoniseerd) WFS 5be14ec9-9bb3-4395-a061-e7e78d04a527|Gebouwen (INSPIRE geharmoniseerd) WMS","Gebouwen (INSPIRE geharmoniseerd)"
"3703b249-a0eb-484e-ba7a-10e31a55bcec","","111","Beheer PDOK","d2a05dd5-98e8-4f9c-8ba2-7fe2d5c7c507|Spreiding van soorten - Invasieve Exoten (INSPIRE geharmoniseerd) ATOM V1 b196f948-5d87-4eb4-9854-a93841c3877f|Spreiding van soorten - Invasieve Exoten (INSPIRE geharmoniseerd) WMS V1 93a9571d-1754-47ee-a8f9-92633abfab3a|Spreiding van soorten - Invasieve Exoten WFS V1","Invasieve Exoten (INSPIRE Geharmoniseerd)"
"64ff8561-5c56-4cc1-ae0e-94366fb70b7e","","10","Beheer PDOK","a301ddc7-c26f-42d8-b367-509ae5ae47d0|Luchtfoto Beeldmateriaal / PDOK 25 cm RGB WMS","Luchtfoto 2019 25cm RGB open data"
"e8b84fae-00b3-49c1-80c1-df8f69f64e8c","","110","Ministerie van Defensie, Koninklijke Marine, Dienst der Hydrografie","f2d2cd9d-7410-485a-95e0-c1b885243eaf|EEZ volgens UNCLOS - Noordzee - Viewservice 243c6401-9ed1-4cdd-b9a7-caff08813ce4|EEZ volgens UNCLOS - Noordzee - ATOM","EEZ volgens UNCLOS - Noordzee"
"002d9127-c16d-4b8d-9f5e-102a8c8e36c4","","11","Beheer PDOK","42f5363b-cea7-4163-a4e9-bc2d1a7a243c|Geluidblootstelling van het hoofdspoorwegennet Lnight WFS 6a129fd1-0988-4b8a-975a-6ff134b6754a|Geluidblootstelling van het hoofdspoorwegennet Lnight WMS","Geluidkaart hoofdspoornet 2016 (Lnight)"
"380aa01e-dce7-11e3-9f07-901b0e19e163","","110","Koninklijk Nederlands Meteorologisch Instituut (KNMI)","18e052b6-dce6-11e3-9e6e-901b0e19e163|Download Service voor KNMI INSPIRE Annex III datasets 6bd9f72e-dcd2-11e3-ab0a-901b0e19e163|View service voor het netwerk van waarneemstations KNMI Nederland","Netwerk van KNMI waarneemstations"
"1249746f-c2a6-4639-98f2-251676b3528e","","110","Ministerie van Defensie, Koninklijke Marine, Dienst der Hydrografie","97b49056-8ace-426c-ae3e-bf7efe4c000f|Maritieme grenzen - basislijn Noordzee - Viewservice 5f0c583a-101e-45ea-b684-a056713cf811|Maritieme grenzen - Basislijn Noordzee - ATOM","Maritieme grenzen - basislijn Noordzee"
"83dab947-387b-49df-8ad2-32bb10d46d38","","11","Beheer PDOK","80e015fa-f0e1-487e-a7e8-84a5ba7c4e7a|Geluidskaarten Schiphol 2016 lden WFS a1ed8a00-da07-472e-9627-99175d437c94|Geluidskaarten Schiphol 2016 lden WMS","Geluidkaart Schiphol 2016 (Lden)"
"b3f66964-a8c1-456f-9799-9cafca2cb7b1","","111","Rijksinstituut voor Volksgezondheid en Milieu","b4485d59-a945-4940-a2f5-3ce7de6a947b|Monitoring stations (Nitraatrichtlijn) ondiepe filters (WFS) 081bcfff-5f66-467c-95d0-d88dcf9aa4cf|Monitoring stations (Nitraatrichtlijn) ondiepe filters (WMS) b5ee6914-04bd-4c7e-a180-242371ae40d9|INSPIRE download service RIVM","Monitoring stations (Nitraatrichtlijn) ondiepe filters"
"eu-cb527d-f6db-4835-b0cd-deb245241254","","11","Beheer PDOK","4fb15e0d-d88f-40f1-b407-3d3edcf7e184|Vervoersnetwerken Wegen RWS (INSPIRE geharmoniseerd) WMS 018a28a5-1019-4747-b031-f66ffc1c6ae7|Vervoersnetwerken Wegen RWS (INSPIRE geharmoniseerd) WFS","Vervoersnetwerken - Wegen (INSPIRE geharmoniseerd) - RWS"
"14657c9b-91e4-4355-8563-2911ad0e78e4","","11","Beheer PDOK","315a465b-e95d-46ea-9d97-8bbee81844cc|Vervoersnetwerken - Gemeenschappelijke elementen (INSPIRE geharmoniseerd) WMS c0a8e0ee-8639-44d4-be07-d7edf9c276c7|Vervoersnetwerken - Gemeenschappelijke elementen (INSPIRE geharmoniseerd) WFS","Vervoersnetwerken - Gemeenschappelijke elementen (INSPIRE geharmoniseerd)"
"1be28290-55fa-4486-b9d3-b9d147117863","","10","Beheer PDOK","d7a395a2-8673-4794-a5a6-fed6492cd580|Luchtfoto Beeldmateriaal / PDOK 25 cm Infrarood WMS","Luchtfoto 2016 25cm CIR open data"
"c935f2ab-9b65-4dc4-94a0-73aeb840a941","","110","Beheer PDOK","1bd24d1e-aa13-4395-809e-893570f7c651|Overheidsdiensten WMS 9ff1a13c-d1e0-4150-8523-91cb489ae1a4|INSPIRE download service PDOK","Overheidsdiensten"
"cc408b2d-09a6-4b2b-9aa3-b46bfe2f00a5","","110","Beheer PDOK","93c8762c-4cbb-42b0-9b02-89ef902e8880|Beschermde gebieden - Provincies (INSPIRE geharmoniseerd) ATOM V1 25c69c01-8dfa-406f-bbcb-24feba25dcc6|Beschermde gebieden - Provincies (INSPIRE geharmoniseerd) WMS V1","Stiltegebieden"
"afc450bd-65b3-4e59-b0fb-619869bf6ada","","11","Interprovinciaal Overleg","3094a1c4-3dd6-4e8e-9929-4a63dd66992e|INSPIRE Download service voor Faciliteiten voor productie en industrie a88b4ed1-49c1-4f91-991e-dc1cc7c575f7|INSPIRE View service voor Faciliteiten voor productie en industrie","Landelijk grondwaterregister - Faciliteiten voor productie en industrie"
"fcefa13c-44e2-4953-b6d6-1ddceebc57fc","","11","Beheer PDOK","e69bb2e9-eff4-4fb3-86a6-057cf628e761|Vogelrichtlijn verspreiding van soorten WMS 37e05521-c323-4dbe-aba4-de1178ba44a5|Vogelrichtlijn verspreiding van soorten WFS","Vogelrichtlijn verspreiding van soorten"
"9dd9bf30-36e6-45ae-b368-bdef2720bdde","","11","TNO Geologische Dienst Nederland","dda53ebc-bee7-4765-8f1f-6ac59b0aec39|Bodemkundig boormonsterprofiel onder INSPIRE, viewservice 76342a6d-452e-4e21-b5c0-81ff7b1be90e|Bodemkundig boormonsterprofiel onder INSPIRE, downloadservice","Bodemkundig boormonsterprofiel onder INSPIRE"
"bb11be63-bd38-4632-bf54-df44c423a529","","100","Ministerie van Defensie, Koninklijke Marine, Dienst der Hydrografie","7c664a91-1aa2-4923-9d17-6a43e4075f47|Territoriale Zee volgens UNCLOS - Noordzee - ATOM","Territoriale Zee volgens UNCLOS - Noordzee"
"9986a7ef-e5e2-4a7a-9018-2e1f9631ba8c","","0","service organisation not found","","Zwemwater (provinciaal en Rijkswateren) uit {Zwemwaterregister}"
"998ba1dc-f6a6-49a3-a021-51f30d9b1d0e","","110","Beheer PDOK","93c8762c-4cbb-42b0-9b02-89ef902e8880|Beschermde gebieden - Provincies (INSPIRE geharmoniseerd) ATOM V1 25c69c01-8dfa-406f-bbcb-24feba25dcc6|Beschermde gebieden - Provincies (INSPIRE geharmoniseerd) WMS V1","Wet Ammoniak en Veehouderij gebieden"
"41023936-009d-48ec-a90d-c966895463c1","","0","service organisation not found","","Geluidszones rondom vliegvelden"
"fe45c540-e37d-11e4-b571-0800200c9a66","","11","Interprovinciaal Overleg","ebd6ea46-ee7b-432f-83c4-058c889a790d|INSPIRE Download service voor Milieubewakingsvoorzieningen ea4cb6a2-f637-413a-91cc-d58473c2f138|INSPIRE View service voor Milieubewakingsvoorzieningen","Zwemwaterlocaties en zwemwaterkwaliteit - monsterpunten"
"d845cef6-0e23-4212-a951-b69763e39ef0","","11","Beheer PDOK","d981070b-888c-42d5-85ff-1e383f3d7fce|Windsnelheden 100m hoogte WMS 180b6682-5d6f-429d-abb7-32f7d6253787|Windsnelheden 100m hoogte WFS","Windsnelheden op 100m hoogte (m/s)"
"8a4f5c3b-aced-48fd-afb5-f1f1d0ef21d6","","111","Rijksinstituut voor Volksgezondheid en Milieu","0426f471-f325-42ed-a775-81c397592e86|Omgevingsdosisequivalenttempo Nationaal Meetnet Radioactiviteit 2011 (WMS) a931e334-b752-4935-8a98-00eddc443789|Omgevingsdosisequivalenttempo Nationaal Meetnet Radioactiviteit 2011 (WFS) b5ee6914-04bd-4c7e-a180-242371ae40d9|INSPIRE download service RIVM","Omgevingsdosisequivalenttempo Nationaal Meetnet Radioactiviteit 2011"
"64c987ec-dce6-11e3-8563-901b0e19e163","","110","Koninklijk Nederlands Meteorologisch Instituut (KNMI)","18e052b6-dce6-11e3-9e6e-901b0e19e163|Download Service voor KNMI INSPIRE Annex III datasets 1b9259fc-dc35-11e3-961c-901b0e19e163|View service voor actuele synoptische weerwaarnemingen KNMI Nederland per 10 minuten","Actuele synoptische weerwaarnemingen KNMI Nederland per 10 minuten (24 uur)"
"bc2c53f6-c908-4d7c-a6c0-78d9a2855640","","0","service organisation not found","","Overstromingsgevaarkaarten"
"74aca3eb-c38b-4214-9537-e0abc69e11b5","","10","Beheer PDOK","a301ddc7-c26f-42d8-b367-509ae5ae47d0|Luchtfoto Beeldmateriaal / PDOK 25 cm RGB WMS","Luchtfoto 2017 25cm RGB open data"
"76541ebb-a554-4540-a017-399d4bb4a860","","111","Beheer PDOK","171b28f6-7ee7-46f9-b3b3-06d0baaa33db|Population Distribution (INSPIRE geharmoniseerd) WMS 008d85d1-460d-46f6-9af4-98afdedbc4dc|Population Distribution (INSPIRE geharmoniseerd) WFS 037e55bd-a1dc-4fde-adfe-4610d3a3d5cb|Population Distribution (INSPIRE geharmoniseerd) ATOM","Population Distribution NL"
"51318a78-d171-11ea-87d0-0242ac130003","","0","service organisation not found","","Grondwaterkwaliteitonderzoek"
"c7d8d77b-8c47-4309-8c58-9b12b086407f","","110","Beheer PDOK","93c8762c-4cbb-42b0-9b02-89ef902e8880|Beschermde gebieden - Provincies (INSPIRE geharmoniseerd) ATOM V1 25c69c01-8dfa-406f-bbcb-24feba25dcc6|Beschermde gebieden - Provincies (INSPIRE geharmoniseerd) WMS V1","Natuurnetwerk Nederland"
"280ed37a-b8d2-4ac5-8567-04d84fad3a41","","11","Beheer PDOK","a7aeddf2-3b37-4668-9c75-de93d9326276|Natura2000 (INSPIRE geharmoniseerd) WMS 1601e160-91e8-4091-9aca-10294f819d42|Natura2000 (INSPIRE geharmoniseerd) WFS","Natura 2000 (INSPIRE geharmoniseerd)"
"3e57ce43-7707-43ed-a4b9-72b3a6d812f8","","0","service organisation not found","","Geluidkaart hoofdspoornet 2011 (Lnight)"
"f8d840bc-18df-4449-b797-b9adcb81d3ec","","111","Rijksinstituut voor Volksgezondheid en Milieu","7dc30aed-0940-4e69-b34c-9f24b34078eb|Emissies naar lucht en water in 2015 vanuit de industrie (WMS) 5255c080-5f4e-4f7a-8a2c-6ac9d0103288|Emissies naar lucht en water in 2015 vanuit de industrie (WFS) b5ee6914-04bd-4c7e-a180-242371ae40d9|INSPIRE download service RIVM","Emissies naar lucht en water in 2015 vanuit de industrie"
"791adbe3-772f-42cb-a3be-5a617bcecef0","","11","Beheer PDOK","2f12ef7d-3eb4-46a9-8b45-702a0f054d57|Zeegebieden (INSPIRE geharmoniseerd) WFS 635bdc85-c596-4afb-ab07-de20c662310c|Zeegebieden (INSPIRE geharmoniseerd) WMS","Zeegebieden (INSPIRE geharmoniseerd)"
"2e31680f-68b5-4ff3-94a4-9c24109ffd5e","","110","Beheer PDOK","d4e573b0-bd3b-4d7b-a97d-e65841e6e0b4|Kaderrichtlijn Water actueel WMS e27e61d8-25b1-45ee-a2df-071312ba8a69|Kaderrichtlijn Water actueel ATOM","Kaderrichtlijn Water - Oppervlaktewaterlichamen Nederland 2020 vlakken"
"1462bbce-ccd3-4362-83d8-4535ca8f44eb","","111","Beheer PDOK","a5437cb4-98ef-4c8e-a5ed-000e7a82b774|CBS Vierkantstatistieken 100m WFS abf1f9f0-1b85-40e8-86ec-86bee6003b4e|CBS Vierkantstatistieken 100m WMS cb13a608-3d78-4f79-ba60-be63ccd6e268|CBS Vierkantstatistieken 100m ATOM","CBS Vierkantstatistieken 100m"
"24de356e-ec4d-4a18-9903-6401d222b77c","","11","TNO Geologische Dienst Nederland, no organisationName found in dataset record","542b330b-d3c6-4617-b97f-693e5cfd1872|Vergunningen Mijnbouwwet onder INSPIRE, downloadservice 42da491e-d8b9-47ba-af65-acb15ea8a055|Vergunningen Mijnbouwwet onder INSPIRE, viewservice","Vergunningen Mijnbouwwet onder INSPIRE"
"wt-3730-e750-485a-9c0c-39bf9be72cf9","","111","Rijkswaterstaat","wt-3730-e750-485a-9c0c-39bf9bf72cf9|Menselijke gezondheid en veiligheid - geluidbelasting rijkswegen 2006 (INSPIRE geharmoniseerd) WFS wt-3730-e750-485a-9c0c-39bf9bm72cf9|Menselijke gezondheid en veiligheid - geluidbelasting rijkswegen 2006 (INSPIRE geharmoniseerd) WMS wt-3730-e750-485a-9c0c-39bf9bt72cf9|Menselijke gezondheid en veiligheid - geluidbelasting rijkswegen 2006 (INSPIRE geharmoniseerd) ATOM","Menselijke gezondheid en veiligheid -  geluidbelasting rijkswegen 2006 (INSPIRE geharmoniseerd)"
"cbeaebc3-815a-48af-a978-0e16892865fc","","11","Beheer PDOK","76854ff3-a853-4405-b9fd-acef66460376|Vogelrichtlijn verspreidingsgebied van soorten WFS 8e7686c3-f75e-411f-866e-6985267b916b|Vogelrichtlijn verspreidingsgebied van soorten WMS","Vogelrichtlijn verspreidingsgebied van soorten"
"tbjk534p-wubf-crbp-cj25-d4161160gfim","","11","Rijkswaterstaat","tbjk534p-wubf-crbp-cj25-d41611m0gfim|Kaderrichtlijn Mariene Strategie - Bevroren monitoringsdata WMS tbjk534p-wubf-crbp-cj25-d41611f0gfim|Kaderrichtlijn Mariene Strategie - Bevroren monitoringsdata WFS","Kaderrichtlijn Mariene Strategie - Bevroren monitoringsdata"
"c3c004ad-5387-4b00-a225-9afbcaa5d31b","","11","Beheer PDOK","e264c1e4-90fe-4968-bbf2-7019f6095348|Geluidblootstelling van het hoofdspoorwegennet Lden WFS 62dc32f1-853c-416a-876b-6e083554f1b6|Geluidblootstelling van het hoofdspoorwegennet Lden WMS","Geluidkaart hoofdspoornet 2016 (Lden)"
"F646DFB9-5BF6-EAB9-042B-CAB6FF2DC275","","0","service organisation not found","","BRO Digital Geological Model (DGM)"
"50eef6be-619d-4e16-9b92-48971109b636","","11","Beheer PDOK","74620aa8-4fa2-414d-8350-50d93e500da8|Geluidskaarten Rijkswegen WFS 4b6752ae-65d6-44b5-98ef-1fc30f4fd92d|Geluidskaarten Rijkswegen WMS","Geluidbelasting rijkswegen in Nederland 2011 (nacht gemiddelde)"
"a322184d-6285-4856-bb78-f450b30ffc0e","","10000","Ministerie van Defensie, Koninklijke Marine, Dienst der Hydrografie","6d2fce74-fb25-4322-ab25-1be8a3bc7fd0|Bathymetrie Nederlands deel van de Noordzee dieper dan 10 m LAT -Downloadservice","Bathymetrie Nederlands deel van de Noordzee dieper dan 10 m LAT"
"34e95842-4e4e-46de-9198-79e8cd4d30dc","","10","Ministerie van Defensie, Koninklijke Marine, Dienst der Hydrografie","ca71572f-a498-4ca6-aa60-d4c4c4d59e2e|Geografische Namen (Nat) - Nederland - Viewservice","Geografische Namen (Nat) - Nederland"
"247a1d15-0a67-40ce-85be-1403c08f15a8","","11","Beheer PDOK","d7d19437-f875-45b3-86cd-2fa3335479ec|Beschermde Gebieden Nationale Parken (INSPIRE geharmoniseerd) WFS 89b35a6c-c099-456b-8eaf-2b83c7a35c74|Beschermde Gebieden Nationale Parken (INSPIRE geharmoniseerd) WMS","Nationale Parken (INSPIRE Geharmoniseerd)"
"f1859b4d-93be-4fc8-9e91-0ecc2fa0f3b3","","111","Beheer PDOK","88a337a9-bed3-4d79-80fa-ff4b45990d7d|CBS Wijken en Buurten 2020 versie 1 ATOM 3c47e1a8-a6a2-45e4-bfec-0f334c9fbc9d|CBS Wijken en Buurten 2020 versie 1 WMS caeb52a3-cbaa-4e9b-a23e-d4dc0335b506|CBS Wijken en Buurten 2020 versie 1 WFS","Wijk- en Buurtkaart 2020 versie 1"
"29c17585-e702-463f-a5dc-99d34b17d333","","11","Beheer PDOK","3ebe56dc-5f09-4fb3-b224-55c2db4ca2fd|RD info WFS 609d0c9e-173f-4f90-b020-c91ab3a0b6ef|RD info WMS","RDinfo"
"krw-782cab20-8328-45f1-a9b2-c27d07c14066","","100","Beheer PDOK","e27e61d8-25b1-45ee-a2df-071312ba8a69|Kaderrichtlijn Water actueel ATOM","Kaderrichtlijn Water - Deelstroomgebieden Nederland 2020 vlakken"
"edf79e6a-d73d-4def-8d22-0f495cc76a73","","0","service organisation not found","","Bronbestanden waterkwaliteit"
"af0c582f-9e6b-46e6-865a-fc3a2d5289b9","","110","Beheer PDOK","94f241c2-43a2-42c3-8e9e-71976605aa0e|TOP10NL WMS 9ff1a13c-d1e0-4150-8523-91cb489ae1a4|INSPIRE download service PDOK","Bodemgebruik"
"11a292bd-9022-4a9f-b1bf-02f5c89ad74a","","210","TNO Geologische Dienst Nederland","13e4dff0-1e80-11e2-81c1-0800200c9a66|INSPIRE download service van TNO GDN b7880739-a701-4cc0-bb32-2bba61fa8924|Totale potentie aardwarmte uit aquifers, INSPIRE, viewservice f5660ac6-8031-4acc-832c-1d1b82b062ba|Totale potentie aardwarmte uit aquifers, INSPIRE downloadservice","Totale potentie aardwarmte uit aquifers onder INSPIRE"
"a29917b9-3426-4041-a11b-69bcb2256904","","11","Beheer PDOK","ff9315c8-f25a-4d01-9245-5cf058314ebf|Kadastrale Kaart v4 WFS 97cf6a64-9cfc-4ce6-9741-2db44fd27fca|Kadastrale Kaart v4 WMS","Kadastrale kaart v4"
"df15af6e-0d21-4437-a69f-802be3479bba","","10","Beheer PDOK","a301ddc7-c26f-42d8-b367-509ae5ae47d0|Luchtfoto Beeldmateriaal / PDOK 25 cm RGB WMS","Luchtfoto 2016 25cm RGB open data"
"7D35598D-DFBF-C64D-0F1A-92A80A45EB14","","0","service organisation not found","","BRO GeoTOP (GTM)"
"f0821bfe-5a0a-11e9-8647-d663bd873d93","","110","Beheer PDOK","93c8762c-4cbb-42b0-9b02-89ef902e8880|Beschermde gebieden - Provincies (INSPIRE geharmoniseerd) ATOM V1 25c69c01-8dfa-406f-bbcb-24feba25dcc6|Beschermde gebieden - Provincies (INSPIRE geharmoniseerd) WMS V1","NB-wetgebieden buiten Natura 2000"
"2cc2c30c-91b8-412a-a060-e84d25272581","","111","Rijksinstituut voor Volksgezondheid en Milieu","9fd2324b-9e02-4eab-bd4a-8e2be4fcd545|Zones en agglomeraties (Richtlijn Luchtkwaliteit) 2013 (WFS) 23aa5150-fcc7-46ea-ae63-a7f198d8bc18|Zones en agglomeraties (Richtlijn Luchtkwaliteit) 2013 (WMS) b5ee6914-04bd-4c7e-a180-242371ae40d9|INSPIRE download service RIVM","Zones en agglomeraties (Richtlijn Luchtkwaliteit) 2013"
"5996e444-f7f3-40d2-b485-8b9af6e8aa89","","11","Beheer PDOK","a2724dae-ebad-4a07-9405-49bddfde3368|Scheepvaart Verkeersscheidingsstelsel Noordzee WFS 3e65fa1b-9bb1-41bd-9760-76962751b839|Scheepvaart Verkeersscheidingsstelsel Noordzee WMS","Scheepvaart verkeersscheidingsstelsel Noordzee (Nederlands Continentaal Plat)"
"6c06740d-058f-4a12-bb3f-bf68efd03d09","","11","Beheer PDOK","09588464-071b-47be-8cbe-d15f2e1f9634|Vervoersnetwerken - Kabelbanen (INSPIRE geharmoniseerd) WMS 5bb85b77-fffd-449b-bd61-f076fe07cc4b|Vervoersnetwerken - Kabelbanen (INSPIRE geharmoniseerd) WFS","Vervoersnetwerken - Kabelbanen (INSPIRE geharmoniseerd)"
"4783ea4f-6b8c-4600-8af0-516f3556cfe9","","11","Beheer PDOK","c374d556-7b6e-459b-83c7-74da6ad90a59|Schelpdierwater WFS f76bdce5-344e-415f-8f2c-972755e80b65|Schelpdierwater WMS","Kaderrichtlijn Water - Register Beschermd Gebied - Schelpdierwater 2008"
"f99e915a-75e5-4c36-97f2-61eff692d85b","","11","TNO Geologische Dienst Nederland","d796fd8d-b1e0-465c-a55b-1e9fe885fc3d|Grondwateronderzoek onder INSPIRE, viewservice a299a4af-ccd8-4d32-b1fb-ffab77b32e0e|Grondwateronderzoek onder INSPIRE, downloadservice","Grondwateronderzoek onder INSPIRE"
"af135cd8-d429-4fc7-b9e3-09e15217520d","","100000","Rijksinstituut voor Volksgezondheid en Milieu","f39d198a-1e69-43cc-b359-cc60a8c22d28|Meetwaarden van Luchtkwaliteitsstations in Nederland.","Gemeten fijnere fractie van Fijn stof concentraties in buitenlucht."
"eu-2c7040b-c448-451b-bf15-f2416ecaadd1","","113","Beheer PDOK, Rijkswaterstaat, Rijkswaterstaat, Beheer PDOK, Rijkswaterstaat","627b50bf-2e33-4beb-a314-ff8c0fe8912e|Vervoersnetwerken Waterwegen RWS (INSPIRE geharmoniseerd) WMS tn-2c7040b-c448-451b-bf15-f2416emaadd1|Vervoersnetwerken - Waterwegen (INSPIRE geharmoniseerd) - WT WMS tn-2c7040b-c448-451b-bf15-f2416etaadd1|Vervoersnetwerken - Waterwegen (INSPIRE geharmoniseerd) - WT ATOM a84f9836-9111-4e45-a311-3dab39019e15|Vervoersnetwerken Waterwegen RWS (INSPIRE geharmoniseerd) WFS tn-2c7040b-c448-451b-bf15-f2416efaadd1|Vervoersnetwerken - Waterwegen (INSPIRE geharmoniseerd) - WT WFS","Vervoersnetwerken - Waterwegen (INSPIRE geharmoniseerd) - WT"
"be1b1514-8d1f-48e1-9624-fee9b784138b","","11","Beheer PDOK","918388cf-9d8c-4264-b108-3e375bde0d52|Vaarwegmarkeringen WMS 62c0d0a5-5826-406d-a625-d84bc5fec800|Vaarwegmarkeringen WFS","Vaarwegmarkeringen Nederland"
"krm-a905-9d8e-4758-83fa-28b057f185e4","","110","Beheer PDOK","4041f923-6b77-4816-bf46-437e85416c31|Kaderrichtlijn Mariene Strategie 2018 WMS 641a0f48-872b-4470-b130-e3d28e6bfdfb|Kaderrichtlijn Mariene Strategie EU2018 ATOM","Kaderrichtlijn Mariene Strategie - Mariene wateren Nederland EU2018"
"a04afee4-47d5-45b7-b7a0-a6f86106af11","","11","Beheer PDOK","c78a99eb-9ba3-4307-a21b-2a64ad5da039|Mosselzaadinvanginstallaties WMS e9ba7d7f-6cd1-4271-bce4-56432924b338|Mosselzaadinvanginstallaties WFS","Mosselzaadinvanginstallaties"
"5c37d29a-006d-4136-8989-adfc35a1d4a7","","111","Beheer PDOK","68a7e4c1-0073-4a1a-a6df-084d2badf45a|CBS Wijken en Buurten 2019 versie 2 ATOM 3ac5737f-55ed-455d-8350-44af11b67fc3|CBS Wijken en Buurten 2019 versie 2 WMS 027e3f15-3b58-4570-97bb-779ce3ca947e|CBS Wijken en Buurten 2019 versie 2 WFS","Wijk- en Buurtkaart 2019 versie 2"
"krm-a905-9d8e-4758-83fa-28b057f185e3","","110","Beheer PDOK","4041f923-6b77-4816-bf46-437e85416c31|Kaderrichtlijn Mariene Strategie 2018 WMS 641a0f48-872b-4470-b130-e3d28e6bfdfb|Kaderrichtlijn Mariene Strategie EU2018 ATOM","Kaderrichtlijn Mariene Strategie - Rapportage eenheden Nederland EU2018"
"c4b137b8-2317-42c2-aced-204c4216d68d","","11","Beheer PDOK","f917ffa9-1531-48ea-867e-0d413d85b05a|Digitaal Topografisch Bestand (DTB) WMS 03c48a93-1e31-4c69-92c6-9a7efecf67a9|Digitaal Topografisch Bestand (DTB) WFS","Digitaal Topografisch Bestand (DTB)"
"a5f961e9-ebdd-41e2-b8e8-ab33ed340a83","","11","Beheer PDOK","5b40b9b4-fcb2-4553-bcab-34824c43c992|Adressen (INSPIRE geharmoniseerd) WMS 68d14b1c-71ad-4ce7-8267-45787a80c2d4|Adressen (INSPIRE geharmoniseerd) WFS","Adressen (INSPIRE geharmoniseerd)"
"844404a2-9cd0-452e-b29a-74588777485a","","0","service organisation not found","","Geluidkaart hoofdspoornet 2011 (Lden)"
"e536d943-ecff-4d7a-9500-cc31a263a6af","","110","Beheer PDOK","d293204f-6581-4b0a-811b-1dcce97adedd|Publiekrechtelijke Beperking WMS 9ff1a13c-d1e0-4150-8523-91cb489ae1a4|INSPIRE download service PDOK","Publiekrechtelijke beperkingen"
"cf69ec50-9849-4afd-853c-ee56211d336d","","11","Rijkswaterstaat","cf69ec50-9849-4afd-853c-ee5621fd336d|Waterstanden en afvoeren actueel - Rijkswaterstaat - WFS cf69ec50-9849-4afd-853c-ee5621md336d|Waterstanden en afvoeren actueel - Rijkswaterstaat - WMS","Waterstanden en afvoeren actueel - Rijkswaterstaat"
"2a379cc6-d16e-11ea-87d0-0242ac130003","","0","service organisation not found","","Grondwaterstandsonderzoek"
"03671a9e-6aaf-464d-be99-9aad25cef9e3","","11","Beheer PDOK","82541a1f-2e4e-459f-ab2f-e97cac3ad040|Habitatrichtlijn verspreidingsgebied van habitattypen WFS 9c5351c8-d8f4-41c2-9642-42a63496a6fe|Habitatrichtlijn verspreidingsgebied van habitattypen WMS","Habitatrichtlijn verspreidingsgebied van habitattypen"
"562127a6-0381-46b3-9ed7-10e61ec5ecb5","","0","service organisation not found","","BRO - Bodemkundig booronderzoek (BHR-P)"
"6318009c-7b11-4ab9-9929-735584dfb692","","11","Beheer PDOK","cea38797-ea4b-4969-b979-8d25eb543a6c|Statistics Netherlands Land Use 2015 WMS (BBG 2015 INSPIRE geharmoniseerd) e75b66ae-21b1-4303-aeb3-787608707b23|Statistics Netherlands Land Use 2015 WFS (BBG 2015 INSPIRE geharmoniseerd)","Land Use 2015"
"500d396f-5ec6-4e4b-a151-5fb3cddd8082","","100000","Rijksinstituut voor Volksgezondheid en Milieu","f39d198a-1e69-43cc-b359-cc60a8c22d28|Meetwaarden van Luchtkwaliteitsstations in Nederland.","Gemeten Zwaveldioxide concentraties in buitenlucht."
"58d39928-f502-48c9-a8c1-03244dc181bf","","11","Beheer PDOK","c474b492-da63-4a33-9bdd-b3709ce2cd6c|Geluidskaarten Schiphol 2016 lnight WMS 7827b68f-647e-46cc-a02a-cac48eaa5dda|Geluidskaarten Schiphol 2016 lnight WFS","Geluidkaart Schiphol 2016 (Lnight)"
"d24ccb35-e9d2-41bf-b231-43083fc0c76d","","111","Rijksinstituut voor Volksgezondheid en Milieu","ff8f6da2-949e-4838-90f6-fd895a4a240f|LCP emissies (Richtlijn Industriële emissies) 2016 (WFS) 745968a3-37af-4406-988e-ec595f58c7fe|LCP emissies (Richtlijn Industriële emissies) 2016 (WMS) b5ee6914-04bd-4c7e-a180-242371ae40d9|INSPIRE download service RIVM","LCP emissies (Richtlijn Industriële emissies) 2016"
"db8d613f-5edc-4467-9cc0-e2dcfb9d64a8","","11","Beheer PDOK","40c4ec8c-14b2-4104-982b-c0ebfd5397c4|Statistical Units Grid (INSPIRE geharmoniseerd) WFS a7ed73f4-e16d-46a3-befa-603370cfb6e8|Statistical Units Grid (INSPIRE geharmoniseerd) WMS","Statistical Units Grid"
"wt-83730-e750-485a-9c0c-39bf9be72cf8","","111","Rijkswaterstaat","wt-83730-e750-485a-9c0c-39bf9bf72cf8|Menselijke gezondheid en veiligheid - geluidbelasting rijkswegen 2016 (INSPIRE geharmoniseerd) WFS wt-83730-e750-485a-9c0c-39bf9bm72cf8|Menselijke gezondheid en veiligheid - geluidbelasting rijkswegen 2016 (INSPIRE geharmoniseerd) WMS wt-83730-e750-485a-9c0c-39bf9bt72cf8|Menselijke gezondheid en veiligheid - geluidbelasting rijkswegen 2016 (INSPIRE geharmoniseerd) ATOM","Menselijke gezondheid en veiligheid - geluidbelasting rijkswegen 2016 (INSPIRE geharmoniseerd)"
"b6ee58a1-b097-4c6d-8600-eb81efc1468c","","0","service organisation not found","","Productie/industrie-inrichtingen (o.b.v. SBI-codes) uit {Risico Register Gevaarlijke stoffen (RRGS)}"
"eu-f297898-2640-44c2-bbe9-c0480da83794","","122","Beheer PDOK, Rijkswaterstaat, Rijkswaterstaat, Rijkswaterstaat","d467c2cc-4026-b80a-d4e1a9d2bf79|Hydrografie - Netwerk RWS (INSPIRE geharmoniseerd) WFS 68722979-8d6c-4ee4-a81a-8381d2588fe5|Hydrografie - Netwerk RWS (INSPIRE geharmoniseerd) WMS wt-f297898-2640-44c2-bbe9-c0480dm83794|Hydrografie - Netwerk (INSPIRE geharmoniseerd) - WT WMS wt-f297898-2640-44c2-bbe9-c0480df83794|Hydrografie - Netwerk (INSPIRE geharmoniseerd) - WT WFS wt-f297898-2640-44c2-bbe9-c0480dt83794|Hydrografie - Netwerk (INSPIRE geharmoniseerd) - WT ATOM","Hydrografie - Netwerk (INSPIRE geharmoniseerd) - WT"
"60a2a7c2-d5b3-4ad5-b562-c448695357fb","","110","Beheer PDOK","93c8762c-4cbb-42b0-9b02-89ef902e8880|Beschermde gebieden - Provincies (INSPIRE geharmoniseerd) ATOM V1 25c69c01-8dfa-406f-bbcb-24feba25dcc6|Beschermde gebieden - Provincies (INSPIRE geharmoniseerd) WMS V1","Nationale Landschappen"
"d6b85d84-cdb9-4a6e-b799-cf8826e22a94","","11","Beheer PDOK","972edbaa-f860-4c48-b449-4f238a263472|Potentiekaart restwarmte WFS 3dc373ae-fcf6-49c9-b315-9a2178bffe4a|Potentiekaart restwarmte WMS","Ligging industrie en CO2 emissies"
"733559a5-201d-40e5-ad43-d1c7bae84d9f","","100000","Rijksinstituut voor Volksgezondheid en Milieu","f39d198a-1e69-43cc-b359-cc60a8c22d28|Meetwaarden van Luchtkwaliteitsstations in Nederland.","Gemeten Stikstofdioxide concentraties in buitenlucht."
"aa3b5e6e-7baa-40c0-8972-3353e927ec2f","","11","Beheer PDOK","9e2e977a-16a6-42a4-a208-c4f70704f383|BAG WMS 1c0dcc64-91aa-4d44-a9e3-54355556f5e7|BAG WFS","BAG"
"5800f3b0-2ea2-4231-8165-216a7b26867f","","100000","Rijksinstituut voor Volksgezondheid en Milieu","f39d198a-1e69-43cc-b359-cc60a8c22d28|Meetwaarden van Luchtkwaliteitsstations in Nederland.","Gemeten Koolstofmonoxide concentraties in buitenlucht."
"17716ed7-ce0d-4bfd-8868-a398e5578a36","","110","Beheer PDOK","9ff1a13c-d1e0-4150-8523-91cb489ae1a4|INSPIRE download service PDOK 6c62e0a5-c215-4e47-94b0-a239e264417d|Ruimtelijke plannen WMS","Ruimtelijke plannen Wro: Ruimtelijkeplannen.nl"
"5951efa2-1ff3-4763-a966-a2f5497679ee","","11","Beheer PDOK","ec73f245-66ce-4144-ac27-5966c80a4b3a|Vervoersnetwerken - Waterwegen (INSPIRE geharmoniseerd) WFS 3d759186-7cee-4218-aa44-165f3922fbbb|Vervoersnetwerken - Waterwegen (INSPIRE geharmoniseerd) WMS","Vervoersnetwerken - Waterwegen (INSPIRE geharmoniseerd)"
"12bb57cd-73e0-41ba-a1e9-6d986b9109d3","","111","Beheer PDOK","f0c6fbfe-a172-4223-8af3-58f6a28c881d|Human Health Statistics Netherlands (INSPIRE geharmoniseerd) WMS 8129296b-b9c1-489f-990a-df4a879e12b2|Human Health Statistics Netherlands (INSPIRE geharmoniseerd) WFS 54122631-d343-40be-9c28-e44626b37a0e|Human Health Statistics Netherlands (INSPIRE geharmoniseerd) ATOM","Human Health NL NUTS2"
"10d1153e-778f-4995-9b6c-7c69b196cccb","","11","Beheer PDOK","88a93a3b-d522-4c5d-9b0f-c6c39a118442|CBS Gebiedsindelingen (INSPIRE geharmoniseerd) WMS e08079df-6c19-486e-916e-5c9948cfafea|CBS Gebiedsindelingen (INSPIRE geharmoniseerd) WFS","Statistical Units Vector"
"9d9f1738-aced-47c9-aaa0-c62474a2dcfb","","110","Beheer PDOK","94f241c2-43a2-42c3-8e9e-71976605aa0e|TOP10NL WMS 9ff1a13c-d1e0-4150-8523-91cb489ae1a4|INSPIRE download service PDOK","Zeegebieden"
"krw2006-c57b-44a2-83a4-e51223d5f15g","","110","Beheer PDOK","7e450110-f643-4b73-9262-4f13966cffc6|Kaderrichtlijn Water EU2009 WMS e91719b1-a139-42cf-8a1a-db78cd7477f8|Kaderrichtlijn Water EU2009 ATOM","Kaderrichtlijn Water - Oppervlaktewaterlichamen Nederland EU2009 lijnen"
"4e2ef670-cddd-11dd-ad8b-0800200c9a66","","110","Rijksdienst voor het Cultureel Erfgoed","ef2a7962-8bb4-483f-ac78-851b619f357f|INSPIRE Download service Beschermde gebieden 49ff0584-a173-4098-824c-119edf8447f7|INSPIRE View service Beschermde gebieden","Stads- en Dorpsgezichten"
"0f128799-cf18-4b37-a721-e62b068191f5","","0","service organisation not found","","Gebiedsbeheer, gebieden waar beperkingen gelden, gereguleerde gebieden en rapportage-eenheden - Provincies (INSPIRE geharmoniseerd)"
"ror-9d8e-4758-83fx-28b057f185g1","","0","service organisation not found","","Richtlijn Overstromingsrisico - gebieden met Potentieel Significant Overstromingsrisico EU2018 lijnen"
"88f76a94-ee4d-4e0c-9fde-91b692403e39","","11","Interprovinciaal Overleg","22bedc12-e9cb-4419-8e51-dfb375d46d01|INSPIRE View service voor Gebieden met natuurrisico's 00e8746f-5031-413e-8343-9203c8ea82ee|INSPIRE Download service voor Gebieden met natuurrisico's","Natuurbranden"
"31de946d-85d4-4c93-bb97-e25f4ef1401a","","11","Beheer PDOK","d69fee4a-e3ff-47d4-919d-e55276a3fad9|Vervoersnetwerken - Luchttransport (INSPIRE geharmoniseerd) WMS 97a7d966-7261-49d4-bc08-c4900981f092|Vervoersnetwerken - Luchttransport (INSPIRE geharmoniseerd) WFS","Vervoersnetwerken - Luchttransport (INSPIRE geharmoniseerd)"
"b61a773c-ecad-4e60-93e9-0a4caac0b52f","","11","TNO Geologische Dienst Nederland","82fa284e-8218-40e4-a593-c2f8a832c3d5|Olie- en gasvelden onder INSPIRE, viewservice fa3ecd49-4571-4eb3-84f3-2865f42934b2|Olie- en gasvelden onder INSPIRE, downloadservice","Olie- en gasvelden onder INSPIRE"
"831f7bd7-c2ae-4336-bd2f-47ab20d7cdb7","","111","Beheer PDOK","b4ae5b2c-f557-4a30-bbf2-c2681a544f32|Vaarweg Informatie Nederland (VIN) WFS 9ff1a13c-d1e0-4150-8523-91cb489ae1a4|INSPIRE download service PDOK 4074b3c3-ca85-45ad-bc0d-b5fca8540c0a|Vaarweg Informatie Nederland (VIN) WMS","Vaarweg Informatie Nederland - bevaarbaarheid (VIN)"
"8f45b8ef-0ce8-463a-9059-5efdcecb785c","","11","Beheer PDOK","ce4ac3b9-8291-498d-95de-79fe7b6f5259|Vervoersnetwerken - Wegen (INSPIRE geharmoniseerd) - Kadaster WMS 18bcfb8c-b73d-4e9c-8348-7ee6cd49ec79|Vervoersnetwerken - Wegen (INSPIRE geharmoniseerd) - Kadaster WFS","Vervoersnetwerken - Wegen (INSPIRE geharmoniseerd)"
"f605a24f-60cd-4c40-94c8-2186aba3ddd0","","111","Beheer PDOK","a2fdecfc-de33-4ce3-b935-4c9ac18c5a36|CBS Vierkantstatistieken 500m WMS f1e26638-3b45-4dd5-9ad0-f7d3654700f1|CBS Vierkantstatistieken 500m WFS deaf8380-ad45-48d2-8c3e-81164471bafb|CBS Vierkantstatistieken 500m ATOM","CBS Vierkantstatistieken 500m"
"f0c1a66c-f2d4-4686-8aeb-d02d509a6b25","","0","service organisation not found","","BRO Geotechnisch Sondeeronderzoek"
"d9baa847-4652-4588-abe1-0b050f40f27f","","111","Rijksinstituut voor Volksgezondheid en Milieu","bd14098b-44e6-47e5-959d-f40dda65da5a|Ziekenhuizen in Nederland (september 2013) (WMS) 01572637-b851-4cc3-b06a-56c1ae1115cc|Ziekenhuizen in Nederland (september 2013) (WFS) b5ee6914-04bd-4c7e-a180-242371ae40d9|INSPIRE download service RIVM","Ziekenhuizen in Nederland (september 2013)"
"3a7dd0a6-d130-4c4c-b0ba-24365cf036e2","","11","Beheer PDOK","65f9628b-0a58-4348-8fff-c2d02788acdb|Vervoersnetwerken - spoorwegen (INSPIRE geharmoniseerd) WMS 86cb5bcc-a199-43e2-9e03-2d0fe8bdfa3f|Vervoersnetwerken - spoorwegen (INSPIRE geharmoniseerd) WFS","Vervoersnetwerken - Spoorwegen (INSPIRE geharmoniseerd)"
"7dd1fd45-ace5-41e0-93a6-64e3be231717","","11","Beheer PDOK","6de8b875-c4c2-4469-ac80-0782bb67f285|Administratieve Eenheden (INSPIRE geharmoniseerd) WMS 1d568785-efdd-429d-b491-56f785c3656a|Administratieve Eenheden (INSPIRE geharmoniseerd) WFS","Administratieve Eenheden (INSPIRE geharmoniseerd)"
"krw-f7bb2351-9788-42ea-a58b-a5ee1842304e","","100","Beheer PDOK","e27e61d8-25b1-45ee-a2df-071312ba8a69|Kaderrichtlijn Water actueel ATOM","Kaderrichtlijn Water - Stroomgebieddistricten Nederland 2020"
"8de2f5eb-b09f-4f6d-8397-8878a1b86238","","11","Beheer PDOK","74620aa8-4fa2-414d-8350-50d93e500da8|Geluidskaarten Rijkswegen WFS 4b6752ae-65d6-44b5-98ef-1fc30f4fd92d|Geluidskaarten Rijkswegen WMS","Geluidbelasting rijkswegen in Nederland 2011 (24-uurs gemiddelde)"
"b59f06c0-dce5-11e3-9c10-901b0e19e163","","110","Koninklijk Nederlands Meteorologisch Instituut (KNMI)","18e052b6-dce6-11e3-9e6e-901b0e19e163|Download Service voor KNMI INSPIRE Annex III datasets 73914696-dc43-11e3-bdbb-901b0e19e163|View service voor aardbevingen in Nederland","Aardbevingen Nederland (KNMI)"
"0d6ccccc-7cfb-4eaa-8dc5-8b433d19b121","","0","service organisation not found","","Landbouwbedrijven"
"ror-9d8e-4758-83fx-28b057f185f1","","100","Beheer PDOK","0898d4a9-8fe6-46e9-8855-1242d8028970|Richtlijn Overstromingsrisico EU2018 ATOM","Richtlijn Overstromingsrisico - historische overstromingen EU2018"
"b3ec8793-7747-4da0-b6c3-aa384446a586","","100000","Rijksinstituut voor Volksgezondheid en Milieu","f39d198a-1e69-43cc-b359-cc60a8c22d28|Meetwaarden van Luchtkwaliteitsstations in Nederland.","Gemeten Fijn stof concentraties in buitenlucht."
"50a2c5e6-c8e7-425d-854e-26f578196bc9","","111","Rijksinstituut voor Volksgezondheid en Milieu","46873d16-6835-48c4-b47f-134ab0cb31fa|Afgevoerde hoeveelheid afval in 2011 vanuit de industrie (WFS) 777f41ee-8269-4bbc-b0e4-f889c62be099|Afgevoerde hoeveelheid afval in 2011 vanuit de industrie (WMS) b5ee6914-04bd-4c7e-a180-242371ae40d9|INSPIRE download service RIVM","Afgevoerde hoeveelheid afval in 2011 vanuit de industrie"
"977e0e94-7aa9-4784-b2da-eaec44adb61b","","21","Beheer PDOK","b0119753-5625-4500-9df3-13823ff9868f|Habitatrichtlijn verspreiding van typen WMS 2b9da196-422e-4b0e-a5ba-ba41ade308e9|Habitatrichtlijn verspreiding van habitattypen WMS af4841b5-ce83-4edb-af41-429a21140316|Habitatrichtlijn verspreiding van typen WFS","Habitatrichtlijn verspreiding van habitattypen"
"00d8c7c8-98ff-4b06-8f53-b44216e6e75c","","110","Beheer PDOK","598c4109-21d2-4a6c-b083-9975a6736849|NWB - Vaarwegen (Nationaal Wegen Bestand) WMS 9ff1a13c-d1e0-4150-8523-91cb489ae1a4|INSPIRE download service PDOK","NWB - Vaarwegen (Nationaal Wegenbestand)"
"6f84efeb-fc1d-4565-a721-80735ea57dbd","","110","Rijksdienst voor het Cultureel Erfgoed","ef2a7962-8bb4-483f-ac78-851b619f357f|INSPIRE Download service Beschermde gebieden 49ff0584-a173-4098-824c-119edf8447f7|INSPIRE View service Beschermde gebieden","Rijksmonumenten (verouderd)"
"34e6165f-1269-48d1-b255-0f05d163d692","","0","service organisation not found","","Geluidszones rondom bedrijventerreinen zowel provinciaal als gemeentelijk"
"3eebf700-5abf-42e4-826c-03cfb497e366","","110","Beheer PDOK","94f241c2-43a2-42c3-8e9e-71976605aa0e|TOP10NL WMS 9ff1a13c-d1e0-4150-8523-91cb489ae1a4|INSPIRE download service PDOK","Vervoersnetwerken"
"dff9c760-1380-11eb-adc1-0242ac120002","","0","service organisation not found","","BRO - Grondwatermonitoring (GAR, GLD, GMN, GMW) onder INSPIRE"
"29d5310f-dd0d-45ba-abad-b4ffc6b8785f","","110","Beheer PDOK","94f241c2-43a2-42c3-8e9e-71976605aa0e|TOP10NL WMS 9ff1a13c-d1e0-4150-8523-91cb489ae1a4|INSPIRE download service PDOK","TOP10NL"
"4961d305-fbb5-426a-9ba3-53e1ca5f3b18","","111","Beheer PDOK","b87a0095-2ad7-4dbb-81a1-fed060df79e1|Nationale Parken WFS dd49e02c-ea87-4ffc-89dd-f888608d95b7|Nationale Parken WMS 9ff1a13c-d1e0-4150-8523-91cb489ae1a4|INSPIRE download service PDOK","Nationale Parken"
"110f9ec6-4464-462e-9765-83d90cefbeag","","110","Beheer PDOK","ddf33bff-8de3-4cca-b6f5-24d18daa502f|Kaderrichtlijn Water EU2015 ATOM 7681eb19-a914-4dc7-9208-c2a131dca06d|Kaderrichtlijn Water EU2015 WMS","Kaderrichtlijn Water - Oppervlaktewaterlichamen Nederland EU2015 lijnen"
"36a7e8cb-8300-4602-93d2-135943365a6f","","111","Rijksinstituut voor Volksgezondheid en Milieu","224d93f6-0e4e-41fe-8424-1ab11a6c55ed|Monitoring stations (Nitraatrichtlijn) diepe filters (WFS) 755d488b-7b94-4883-95be-6aa279604f85|Monitoring stations (Nitraatrichtlijn) diepe filters (WMS) b5ee6914-04bd-4c7e-a180-242371ae40d9|INSPIRE download service RIVM","Monitoring stations (Nitraatrichtlijn) diepe filters"
"110f9ec6-4464-462e-9765-83d90cefbead","","110","Beheer PDOK","ddf33bff-8de3-4cca-b6f5-24d18daa502f|Kaderrichtlijn Water EU2015 ATOM 7681eb19-a914-4dc7-9208-c2a131dca06d|Kaderrichtlijn Water EU2015 WMS","Kaderrichtlijn Water - Oppervlaktewaterlichamen Nederland EU2015 vlakken"
"d8f370e8-123c-4ab3-9410-04f728327ac6","","100000","Rijksinstituut voor Volksgezondheid en Milieu","f39d198a-1e69-43cc-b359-cc60a8c22d28|Meetwaarden van Luchtkwaliteitsstations in Nederland.","Gemeten Ozon concentraties in buitenlucht."
"110f9ec6-4464-462e-9765-83d90cefbeac","","0","service organisation not found","","Kaderrichtlijn Water - Deelstroomgebieden Nederland EU2015"
"fe0e1e5f-512f-4bb1-bbf8-4028d3dfa24f","","11","Beheer PDOK","6b608d4e-5628-4d59-97fc-0322c57357b2|Schelpdierenpercelen WFS 3d01c1ca-973c-4652-baa5-39458bb9e181|Schelpdierenpercelen WMS","Schelpdierpercelen"
"c5c4a6d6-b850-473c-8ab5-af9c2c550809","","10","Beheer PDOK","c6fa88ab-e440-414b-a773-793c4ce6d8df|Bestuurlijke grenzen WMS","Administratieve Eenheden"
"110f9ec6-4464-462e-9765-83d90cefbeab","","110","Informatiehuis Water","ef2a7962-8bb4-483f-ca52-85123f579|Meetlocaties Waterkwaliteit, KRW waterlichamen en stroomgebied districten - Atom feed 6d86c14f-cccf-41e9-a58e-ead9d52ae35d|KRW Waterlichamen en stroomgebieden - WMS","Kaderrichtlijn Water - Stroomgebieddistricten Nederland EU2015"
"ror-9d8e-4758-83fx-28b057f185e1","","100","Beheer PDOK","0898d4a9-8fe6-46e9-8855-1242d8028970|Richtlijn Overstromingsrisico EU2018 ATOM","Richtlijn Overstromingsrisico - gebieden met Potentieel Significant Overstromingsrisico EU2018 vlakken"
"4617f0e0-6af4-4ac0-9044-31df9d03071c","","11","Ministerie van Defensie, Koninklijke Marine, Dienst der Hydrografie","e29b19de-d191-47f2-b944-5056a7674cce|Zones volgens EU Gemeenschappelijk Visserijbeleid tot 3M en 6M - Viewservice 923a666c-ee4f-496c-8c85-94d5f81e1f30|Zones volgens EU Gemeenschappelijk Visserijbeleid tot 3M en 6M - Downloadservice","Zones volgens EU Gemeenschappelijk Visserijbeleid tot 3M en 6M"
"E7D9F0D6-2B8D-6699-F26E-4A781228F2DD","","0","service organisation not found","","BRO REGIS II Hydrogeologisch model (HGM)"
"07575774-57a1-4419-bab4-6c88fdeb02b2","","110","Beheer PDOK","67bcc21d-beda-449d-975c-00a4fa80f2b7|Waterschappen Hydrografie INSPIRE WMS 15c3c30f-0db2-4b3b-80f6-b990c8fc8225|Waterschappen Hydrografie INSPIRE ATOM","Hydrografie waterschappen INSPIRE"
"19165027-a13a-4c19-9013-ec1fd191019d","","11","Beheer PDOK","275b64ab-34c2-41f8-8904-97812c7f716e|Beschermde Gebieden Wetlands (INSPIRE geharmoniseerd) WMS bc0b75c6-3eef-49de-aca2-8483024903c1|Beschermde Gebieden Wetlands (INSPIRE geharmoniseerd) WFS","Wetlands (RAMSAR) (INSPIRE Geharmoniseerd)"
"4e2bb25e-a5a9-43a7-986a-40e7aea32e38","","0","service organisation not found","","Luchtfoto 2020 25cm RGB open data"
"be6551de-a709-4c6d-a5e2-f63f0cf038ba","","10010","Ministerie van Defensie, Koninklijke Marine, Dienst der Hydrografie","1ff0035a-acc0-4a67-a76c-3b79646b4eef|Amplitude van het getij op de Noordzee Viewservice 49a53bc1-dd76-417f-b9af-066901ddfec0|Amplitude van het getij op de Noordzee Downloadservice","Amplitude van het getij"
"622a632a-c57b-44a2-83a4-e51223d5f15g","","110","Beheer PDOK","d4e573b0-bd3b-4d7b-a97d-e65841e6e0b4|Kaderrichtlijn Water actueel WMS e27e61d8-25b1-45ee-a2df-071312ba8a69|Kaderrichtlijn Water actueel ATOM","Kaderrichtlijn Water - Oppervlaktewaterlichamen Nederland 2020 lijnen"
"1c3afc74-cc34-44b7-938a-963e2350795a","","11","Beheer PDOK","58353cdf-b3a1-454e-9284-932a7e815e57|Hydrografie - Physical Waters (INSPIRE geharmoniseerd) WFS 30f65c89-2246-49f8-8b50-0f1140d6f2aa|Hydrografie - Physical Waters (INSPIRE geharmoniseerd) WMS","Hydrografie - Physical Waters (INSPIRE geharmoniseerd)"
"81ff84ec-42a4-4481-840b-12713bbb5d38","","110","Beheer PDOK","94f241c2-43a2-42c3-8e9e-71976605aa0e|TOP10NL WMS 9ff1a13c-d1e0-4150-8523-91cb489ae1a4|INSPIRE download service PDOK","Geografische Namen"
"493ab81b-75f8-4205-b030-6b2fd9eb4295","","111","Beheer PDOK","101a2cc7-bb53-4a16-98f9-bab1f4745b01|Beschermde Gebieden - Cultuurhistorie (INSPIRE geharmoniseerd) WFS 7b8f44b5-6eae-4113-a835-84b8678c3dd5|Beschermde Gebieden - Cultuurhistorie (INSPIRE geharmoniseerd) WMS 0080a9ce-b836-45bc-8fdf-07dcbe97101d|INSPIRE downloadservice geharmoniseerde Beschermde Gebieden - Cultuurhistorie ATOM","INSPIRE geharmoniseerde Beschermde Gebieden - Cultuur Historie"
"76091be7-358a-4a44-8182-b4139c96c6a4","","111","Beheer PDOK","f1dadc2c-6de2-415a-a2b7-aaf057ddda43|Adressen V2 WMS a8ad0d7d-ea9e-4261-bc92-772e99a41387|Adressen V2 WFS 9ff1a13c-d1e0-4150-8523-91cb489ae1a4|INSPIRE download service PDOK","Adressen"
"effe1ab0-073d-437c-af13-df5c5e07d6cd","","111","Beheer PDOK","488c1e6d-363e-4476-b2ff-17756ac9b35f|CBS Gebiedsindelingen WMS beb6dd70-7834-475f-9acc-954a809dfe87|CBS Gebiedsindelingen ATOM d94b1eca-8a7d-4dc4-b979-36257878758f|CBS Gebiedsindelingen WFS","CBS gebiedsindelingen"
"7939fd42-cf88-42c5-ab3b-232cf232a3ac","","10010","Beheer PDOK","7a914681-61bd-4f67-902b-45037a00c469|Actueel Hoogtebestand Nederland 2 (AHN2) WMS fff9d7cf-9929-4dde-98b8-06ceda7e5610|Actueel Hoogtebestand Nederland 2 (AHN2) WCS","Actueel Hoogtebestand Nederland 2 (AHN2)"
"f1d27179-36eb-4376-8048-f51d2eb23a09","","11","Ministerie van Defensie, Koninklijke Marine, Dienst der Hydrografie","87a382da-c6dc-403c-a006-2379eb6daaa6|Nederlands deel PSSA Waddenzee-Viewservice 0d2ca03b-fb7b-466a-bb93-e2bfb596e394|Nederlands deel PSSA Waddenzee-Downloadservice","Nederlands deel PSSA Waddenzee"
"a9b7026e-0a81-4813-93bd-ba49e6f28502","","110","Beheer PDOK","f2437a92-ddd3-4777-a1bc-fdf4b4a7fcb8|NWB - Wegen (Nationaal Wegen Bestand) WMS 9ff1a13c-d1e0-4150-8523-91cb489ae1a4|INSPIRE download service PDOK","NWB - Wegen"
"5b274449-b6c2-4672-a32f-e0bd40975a53","","10","Beheer PDOK","a301ddc7-c26f-42d8-b367-509ae5ae47d0|Luchtfoto Beeldmateriaal / PDOK 25 cm RGB WMS","Luchtfoto 2018 25cm RGB open data"
"ffefc3dc-dc8f-4589-ae22-a60bebcdf5cb","","111","Beheer PDOK","feabca04-e3fd-4802-96f2-583d328e30ad|CBS Wijken en Buurten 2018 versie 3 WFS 555f668f-63b4-47ef-a666-f12d71c2cc4a|CBS Wijken en Buurten 2018 versie 3 ATOM a035801a-3256-4a36-9f81-02421aacee17|CBS Wijken en Buurten 2018 versie 3 WMS","Wijk- en Buurtkaart 2018 versie 3"
"588a4cb1-b442-4ac1-87e4-40401e353166","","11","Rijksinstituut voor Volksgezondheid en Milieu","72f30ca1-3b80-4020-b9ed-301b1a88df39|Jaarcijfers Landelijk Meetnet Luchtkwaliteit 2012 (WFS) f61eec5c-cb91-40b6-ad35-9bca967006cc|Jaarcijfers Landelijk Meetnet Luchtkwaliteit 2012 (WMS)","Jaarcijfers Landelijk Meetnet Luchtkwaliteit 2012"
"3a72b9a4-cda9-11ea-87d0-0242ac130003","","0","service organisation not found","","Grondwater Monitoring Net"
"7f5d7945-8fa8-4d36-be4c-2fdb3c7d613b","","10","Beheer PDOK","d7a395a2-8673-4794-a5a6-fed6492cd580|Luchtfoto Beeldmateriaal / PDOK 25 cm Infrarood WMS","Luchtfoto 2018 25cm CIR open data"
"73ec579e-c906-433a-b0b6-d3aa33421558","","0","service organisation not found","","Luchtvaartinformatie"
